0,asia,MN,0.001287
0,asia,MW,8e-06
0,asia,MF,6e-06
0,asia,WMF,6e-06
0,asia,PE,8e-06
1,asia,MN,0.00031
1,asia,MW,1.7e-05
1,asia,MF,7e-06
1,asia,WMF,7e-06
1,asia,PE,1e-05
2,asia,MN,0.000259
2,asia,MW,7e-06
2,asia,MF,7e-06
2,asia,WMF,6e-06
2,asia,PE,1e-05
3,asia,MN,0.000245
3,asia,MW,8e-06
3,asia,MF,8e-06
3,asia,WMF,7e-06
3,asia,PE,6e-06
4,asia,MN,0.000255
4,asia,MW,8e-06
4,asia,MF,7e-06
4,asia,WMF,7e-06
4,asia,PE,1e-05
5,asia,MN,0.000266
5,asia,MW,8e-06
5,asia,MF,7e-06
5,asia,WMF,6e-06
5,asia,PE,8e-06
6,asia,MN,0.000242
6,asia,MW,7e-06
6,asia,MF,6e-06
6,asia,WMF,7e-06
6,asia,PE,6e-06
7,asia,MN,0.000242
7,asia,MW,8e-06
7,asia,MF,7e-06
7,asia,WMF,7e-06
7,asia,PE,6e-06
8,asia,MN,0.00027
8,asia,MW,8e-06
8,asia,MF,7e-06
8,asia,WMF,7e-06
8,asia,PE,7e-06
9,asia,MN,0.000338
9,asia,MW,9e-06
9,asia,MF,1.1e-05
9,asia,WMF,7e-06
9,asia,PE,8e-06
10,asia,MN,0.000258
10,asia,MW,7e-06
10,asia,MF,6e-06
10,asia,WMF,8e-06
10,asia,PE,8e-06
11,asia,MN,0.00026
11,asia,MW,7e-06
11,asia,MF,8e-06
11,asia,WMF,7e-06
11,asia,PE,8e-06
12,asia,MN,0.000465
12,asia,MW,1.2e-05
12,asia,MF,1.1e-05
12,asia,WMF,9e-06
12,asia,PE,1.9e-05
13,asia,MN,0.000444
13,asia,MW,1e-05
13,asia,MF,1e-05
13,asia,WMF,9e-06
13,asia,PE,1e-05
14,asia,MN,0.000346
14,asia,MW,1e-05
14,asia,MF,1e-05
14,asia,WMF,9e-06
14,asia,PE,1e-05
15,asia,MN,0.000341
15,asia,MW,9e-06
15,asia,MF,1e-05
15,asia,WMF,1e-05
15,asia,PE,8e-06
16,asia,MN,0.000347
16,asia,MW,1e-05
16,asia,MF,9e-06
16,asia,WMF,9e-06
16,asia,PE,1e-05
17,asia,MN,0.000287
17,asia,MW,8e-06
17,asia,MF,7e-06
17,asia,WMF,8e-06
17,asia,PE,8e-06
18,asia,MN,0.000292
18,asia,MW,8e-06
18,asia,MF,7e-06
18,asia,WMF,8e-06
18,asia,PE,8e-06
19,asia,MN,0.000278
19,asia,MW,8e-06
19,asia,MF,7e-06
19,asia,WMF,8e-06
19,asia,PE,7e-06
20,asia,MN,0.000244
20,asia,MW,7e-06
20,asia,MF,8e-06
20,asia,WMF,7e-06
20,asia,PE,8e-06
21,asia,MN,0.000254
21,asia,MW,7e-06
21,asia,MF,7e-06
21,asia,WMF,7e-06
21,asia,PE,7e-06
22,asia,MN,0.000246
22,asia,MW,7e-06
22,asia,MF,6e-06
22,asia,WMF,6e-06
22,asia,PE,6e-06
23,asia,MN,0.000253
23,asia,MW,7e-06
23,asia,MF,7e-06
23,asia,WMF,8e-06
23,asia,PE,7e-06
24,asia,MN,0.00026
24,asia,MW,8e-06
24,asia,MF,8e-06
24,asia,WMF,7e-06
24,asia,PE,8e-06
25,asia,MN,0.000272
25,asia,MW,7e-06
25,asia,MF,7e-06
25,asia,WMF,8e-06
25,asia,PE,6e-06
26,asia,MN,0.000258
26,asia,MW,7e-06
26,asia,MF,7e-06
26,asia,WMF,6e-06
26,asia,PE,8e-06
27,asia,MN,0.00043
27,asia,MW,1.3e-05
27,asia,MF,1e-05
27,asia,WMF,8e-06
27,asia,PE,1.5e-05
28,asia,MN,0.000433
28,asia,MW,9e-06
28,asia,MF,9e-06
28,asia,WMF,8e-06
28,asia,PE,8e-06
29,asia,MN,0.00026
29,asia,MW,7e-06
29,asia,MF,1e-05
29,asia,WMF,7e-06
29,asia,PE,8e-06
30,asia,MN,0.000257
30,asia,MW,7e-06
30,asia,MF,7e-06
30,asia,WMF,6e-06
30,asia,PE,6e-06
31,asia,MN,0.000257
31,asia,MW,7e-06
31,asia,MF,6e-06
31,asia,WMF,8e-06
31,asia,PE,8e-06
32,asia,MN,0.000307
32,asia,MW,7e-06
32,asia,MF,7e-06
32,asia,WMF,7e-06
32,asia,PE,8e-06
33,asia,MN,0.000258
33,asia,MW,8e-06
33,asia,MF,7e-06
33,asia,WMF,6e-06
33,asia,PE,7e-06
34,asia,MN,0.000254
34,asia,MW,6e-06
34,asia,MF,7e-06
34,asia,WMF,7e-06
34,asia,PE,7e-06
35,asia,MN,0.000245
35,asia,MW,8e-06
35,asia,MF,7e-06
35,asia,WMF,6e-06
35,asia,PE,6e-06
36,asia,MN,0.000312
36,asia,MW,7e-06
36,asia,MF,7e-06
36,asia,WMF,7e-06
36,asia,PE,6e-06
37,asia,MN,0.000283
37,asia,MW,8e-06
37,asia,MF,8e-06
37,asia,WMF,8e-06
37,asia,PE,1e-05
38,asia,MN,0.000266
38,asia,MW,7e-06
38,asia,MF,6e-06
38,asia,WMF,6e-06
38,asia,PE,7e-06
39,asia,MN,0.000275
39,asia,MW,6e-06
39,asia,MF,7e-06
39,asia,WMF,6e-06
39,asia,PE,8e-06
40,asia,MN,0.000263
40,asia,MW,8e-06
40,asia,MF,7e-06
40,asia,WMF,1e-05
40,asia,PE,1e-05
41,asia,MN,0.000289
41,asia,MW,7e-06
41,asia,MF,6e-06
41,asia,WMF,7e-06
41,asia,PE,7e-06
42,asia,MN,0.000249
42,asia,MW,8e-06
42,asia,MF,8e-06
42,asia,WMF,7e-06
42,asia,PE,8e-06
43,asia,MN,0.000743
43,asia,MW,2e-05
43,asia,MF,2.8e-05
43,asia,WMF,2.4e-05
43,asia,PE,1.8e-05
44,asia,MN,0.000328
44,asia,MW,9e-06
44,asia,MF,7e-06
44,asia,WMF,7e-06
44,asia,PE,9e-06
45,asia,MN,0.000296
45,asia,MW,9e-06
45,asia,MF,8e-06
45,asia,WMF,8e-06
45,asia,PE,1.6e-05
46,asia,MN,0.000262
46,asia,MW,7e-06
46,asia,MF,7e-06
46,asia,WMF,6e-06
46,asia,PE,8e-06
47,asia,MN,0.00026
47,asia,MW,8e-06
47,asia,MF,8e-06
47,asia,WMF,7e-06
47,asia,PE,7e-06
48,asia,MN,0.000255
48,asia,MW,7e-06
48,asia,MF,6e-06
48,asia,WMF,8e-06
48,asia,PE,6e-06
49,asia,MN,0.000291
49,asia,MW,8e-06
49,asia,MF,7e-06
49,asia,WMF,8e-06
49,asia,PE,7e-06
50,asia,MN,0.000304
50,asia,MW,8e-06
50,asia,MF,6e-06
50,asia,WMF,7e-06
50,asia,PE,7e-06
51,asia,MN,0.000255
51,asia,MW,7e-06
51,asia,MF,6e-06
51,asia,WMF,7e-06
51,asia,PE,6e-06
52,asia,MN,0.00026
52,asia,MW,8e-06
52,asia,MF,8e-06
52,asia,WMF,8e-06
52,asia,PE,7e-06
53,asia,MN,0.000252
53,asia,MW,7e-06
53,asia,MF,7e-06
53,asia,WMF,7e-06
53,asia,PE,7e-06
54,asia,MN,0.000255
54,asia,MW,7e-06
54,asia,MF,6e-06
54,asia,WMF,6e-06
54,asia,PE,6e-06
55,asia,MN,0.000249
55,asia,MW,7e-06
55,asia,MF,7e-06
55,asia,WMF,8e-06
55,asia,PE,7e-06
56,asia,MN,0.000263
56,asia,MW,8e-06
56,asia,MF,7e-06
56,asia,WMF,7e-06
56,asia,PE,8e-06
57,asia,MN,0.000258
57,asia,MW,7e-06
57,asia,MF,7e-06
57,asia,WMF,8e-06
57,asia,PE,7e-06
58,asia,MN,0.000261
58,asia,MW,8e-06
58,asia,MF,7e-06
58,asia,WMF,6e-06
58,asia,PE,8e-06
59,asia,MN,0.000301
59,asia,MW,2.6e-05
59,asia,MF,1.3e-05
59,asia,WMF,9e-06
59,asia,PE,2.5e-05
60,asia,MN,0.000371
60,asia,MW,8e-06
60,asia,MF,1.8e-05
60,asia,WMF,1.1e-05
60,asia,PE,1e-05
61,asia,MN,0.000331
61,asia,MW,8e-06
61,asia,MF,6e-06
61,asia,WMF,7e-06
61,asia,PE,8e-06
62,asia,MN,0.000257
62,asia,MW,6e-06
62,asia,MF,6e-06
62,asia,WMF,6e-06
62,asia,PE,6e-06
63,asia,MN,0.000252
63,asia,MW,7e-06
63,asia,MF,6e-06
63,asia,WMF,6e-06
63,asia,PE,6e-06
64,asia,MN,0.000246
64,asia,MW,8e-06
64,asia,MF,8e-06
64,asia,WMF,8e-06
64,asia,PE,7e-06
65,asia,MN,0.000302
65,asia,MW,2.1e-05
65,asia,MF,1.4e-05
65,asia,WMF,9e-06
65,asia,PE,1.2e-05
66,asia,MN,0.000356
66,asia,MW,2.2e-05
66,asia,MF,1.4e-05
66,asia,WMF,1.3e-05
66,asia,PE,1.1e-05
67,asia,MN,0.000253
67,asia,MW,8e-06
67,asia,MF,8e-06
67,asia,WMF,7e-06
67,asia,PE,7e-06
68,asia,MN,0.000261
68,asia,MW,8e-06
68,asia,MF,8e-06
68,asia,WMF,7e-06
68,asia,PE,6e-06
69,asia,MN,0.000255
69,asia,MW,8e-06
69,asia,MF,7e-06
69,asia,WMF,7e-06
69,asia,PE,6e-06
70,asia,MN,0.000253
70,asia,MW,7e-06
70,asia,MF,6e-06
70,asia,WMF,6e-06
70,asia,PE,7e-06
71,asia,MN,0.000258
71,asia,MW,7e-06
71,asia,MF,6e-06
71,asia,WMF,7e-06
71,asia,PE,8e-06
72,asia,MN,0.00025
72,asia,MW,7e-06
72,asia,MF,6e-06
72,asia,WMF,8e-06
72,asia,PE,1.6e-05
73,asia,MN,0.000245
73,asia,MW,8e-06
73,asia,MF,7e-06
73,asia,WMF,6e-06
73,asia,PE,8e-06
74,asia,MN,0.000285
74,asia,MW,7e-06
74,asia,MF,6e-06
74,asia,WMF,6e-06
74,asia,PE,8e-06
75,asia,MN,0.000365
75,asia,MW,1.6e-05
75,asia,MF,8e-06
75,asia,WMF,9e-06
75,asia,PE,2.1e-05
76,asia,MN,0.000389
76,asia,MW,9e-06
76,asia,MF,7e-06
76,asia,WMF,6e-06
76,asia,PE,7e-06
77,asia,MN,0.000258
77,asia,MW,8e-06
77,asia,MF,8e-06
77,asia,WMF,7e-06
77,asia,PE,1.7e-05
78,asia,MN,0.000257
78,asia,MW,8e-06
78,asia,MF,8e-06
78,asia,WMF,7e-06
78,asia,PE,8e-06
79,asia,MN,0.000279
79,asia,MW,8e-06
79,asia,MF,8e-06
79,asia,WMF,7e-06
79,asia,PE,9e-06
80,asia,MN,0.000253
80,asia,MW,7e-06
80,asia,MF,6e-06
80,asia,WMF,6e-06
80,asia,PE,1.1e-05
81,asia,MN,0.000257
81,asia,MW,8e-06
81,asia,MF,8e-06
81,asia,WMF,7e-06
81,asia,PE,6e-06
82,asia,MN,0.000245
82,asia,MW,6e-06
82,asia,MF,6e-06
82,asia,WMF,8e-06
82,asia,PE,1.7e-05
83,asia,MN,0.00029
83,asia,MW,8e-06
83,asia,MF,7e-06
83,asia,WMF,7e-06
83,asia,PE,6e-06
84,asia,MN,0.00026
84,asia,MW,8e-06
84,asia,MF,7e-06
84,asia,WMF,8e-06
84,asia,PE,7e-06
85,asia,MN,0.000252
85,asia,MW,7e-06
85,asia,MF,7e-06
85,asia,WMF,7e-06
85,asia,PE,7e-06
86,asia,MN,0.000252
86,asia,MW,6e-06
86,asia,MF,7e-06
86,asia,WMF,7e-06
86,asia,PE,1.6e-05
87,asia,MN,0.000243
87,asia,MW,8e-06
87,asia,MF,8e-06
87,asia,WMF,7e-06
87,asia,PE,7e-06
88,asia,MN,0.000295
88,asia,MW,8e-06
88,asia,MF,7e-06
88,asia,WMF,8e-06
88,asia,PE,8e-06
89,asia,MN,0.000254
89,asia,MW,8e-06
89,asia,MF,7e-06
89,asia,WMF,8e-06
89,asia,PE,7e-06
90,asia,MN,0.000265
90,asia,MW,7e-06
90,asia,MF,6e-06
90,asia,WMF,2.8e-05
90,asia,PE,2e-05
91,asia,MN,0.000407
91,asia,MW,1.5e-05
91,asia,MF,1.1e-05
91,asia,WMF,7e-06
91,asia,PE,1.5e-05
92,asia,MN,0.000257
92,asia,MW,7e-06
92,asia,MF,6e-06
92,asia,WMF,6e-06
92,asia,PE,7e-06
93,asia,MN,0.000244
93,asia,MW,8e-06
93,asia,MF,1.2e-05
93,asia,WMF,7e-06
93,asia,PE,7e-06
94,asia,MN,0.000257
94,asia,MW,7e-06
94,asia,MF,6e-06
94,asia,WMF,7e-06
94,asia,PE,1.1e-05
95,asia,MN,0.00028
95,asia,MW,7e-06
95,asia,MF,6e-06
95,asia,WMF,7e-06
95,asia,PE,1.1e-05
96,asia,MN,0.000249
96,asia,MW,7e-06
96,asia,MF,7e-06
96,asia,WMF,7e-06
96,asia,PE,8e-06
97,asia,MN,0.000255
97,asia,MW,6e-06
97,asia,MF,7e-06
97,asia,WMF,8e-06
97,asia,PE,1.3e-05
98,asia,MN,0.00033
98,asia,MW,3.2e-05
98,asia,MF,1.2e-05
98,asia,WMF,9e-06
98,asia,PE,1.3e-05
99,asia,MN,0.000325
99,asia,MW,1.2e-05
99,asia,MF,1.3e-05
99,asia,WMF,9e-06
99,asia,PE,9e-06
100,asia,MN,0.000264
100,asia,MW,8e-06
100,asia,MF,6e-06
100,asia,WMF,7e-06
100,asia,PE,1.6e-05
101,asia,MN,0.000256
101,asia,MW,7e-06
101,asia,MF,7e-06
101,asia,WMF,7e-06
101,asia,PE,1.7e-05
102,asia,MN,0.000249
102,asia,MW,7e-06
102,asia,MF,6e-06
102,asia,WMF,7e-06
102,asia,PE,8e-06
103,asia,MN,0.000255
103,asia,MW,9e-06
103,asia,MF,7e-06
103,asia,WMF,8e-06
103,asia,PE,8e-06
104,asia,MN,0.000258
104,asia,MW,7e-06
104,asia,MF,6e-06
104,asia,WMF,7e-06
104,asia,PE,7e-06
105,asia,MN,0.000255
105,asia,MW,7e-06
105,asia,MF,8e-06
105,asia,WMF,6e-06
105,asia,PE,7e-06
106,asia,MN,0.00031
106,asia,MW,9e-06
106,asia,MF,6e-06
106,asia,WMF,8e-06
106,asia,PE,1.3e-05
107,asia,MN,0.000372
107,asia,MW,1e-05
107,asia,MF,1e-05
107,asia,WMF,8e-06
107,asia,PE,1.1e-05
108,asia,MN,0.000303
108,asia,MW,8e-06
108,asia,MF,7e-06
108,asia,WMF,7e-06
108,asia,PE,6e-06
109,asia,MN,0.000249
109,asia,MW,8e-06
109,asia,MF,8e-06
109,asia,WMF,7e-06
109,asia,PE,6e-06
110,asia,MN,0.000254
110,asia,MW,7e-06
110,asia,MF,8e-06
110,asia,WMF,7e-06
110,asia,PE,7e-06
111,asia,MN,0.000255
111,asia,MW,8e-06
111,asia,MF,8e-06
111,asia,WMF,8e-06
111,asia,PE,8e-06
112,asia,MN,0.000246
112,asia,MW,7e-06
112,asia,MF,6e-06
112,asia,WMF,6e-06
112,asia,PE,7e-06
113,asia,MN,0.000344
113,asia,MW,2.2e-05
113,asia,MF,1.3e-05
113,asia,WMF,1.3e-05
113,asia,PE,1.1e-05
114,asia,MN,0.000262
114,asia,MW,7e-06
114,asia,MF,6e-06
114,asia,WMF,8e-06
114,asia,PE,8e-06
115,asia,MN,0.000245
115,asia,MW,7e-06
115,asia,MF,6e-06
115,asia,WMF,7e-06
115,asia,PE,7e-06
116,asia,MN,0.000251
116,asia,MW,8e-06
116,asia,MF,8e-06
116,asia,WMF,7e-06
116,asia,PE,6e-06
117,asia,MN,0.000251
117,asia,MW,8e-06
117,asia,MF,1.1e-05
117,asia,WMF,8e-06
117,asia,PE,7e-06
118,asia,MN,0.000244
118,asia,MW,7e-06
118,asia,MF,6e-06
118,asia,WMF,6e-06
118,asia,PE,6e-06
119,asia,MN,0.000254
119,asia,MW,8e-06
119,asia,MF,6e-06
119,asia,WMF,7e-06
119,asia,PE,6e-06
120,asia,MN,0.000262
120,asia,MW,7e-06
120,asia,MF,6e-06
120,asia,WMF,7e-06
120,asia,PE,7e-06
121,asia,MN,0.000291
121,asia,MW,6e-06
121,asia,MF,7e-06
121,asia,WMF,7e-06
121,asia,PE,2e-05
122,asia,MN,0.000278
122,asia,MW,6e-06
122,asia,MF,2.9e-05
122,asia,WMF,1.1e-05
122,asia,PE,1.9e-05
123,asia,MN,0.000411
123,asia,MW,1.2e-05
123,asia,MF,1e-05
123,asia,WMF,1.1e-05
123,asia,PE,1.4e-05
124,asia,MN,0.000358
124,asia,MW,1e-05
124,asia,MF,1e-05
124,asia,WMF,9e-06
124,asia,PE,1e-05
125,asia,MN,0.000353
125,asia,MW,1e-05
125,asia,MF,9e-06
125,asia,WMF,1e-05
125,asia,PE,9e-06
126,asia,MN,0.000338
126,asia,MW,9e-06
126,asia,MF,9e-06
126,asia,WMF,1e-05
126,asia,PE,8e-06
127,asia,MN,0.000351
127,asia,MW,9e-06
127,asia,MF,7e-06
127,asia,WMF,8e-06
127,asia,PE,2.5e-05
128,asia,MN,0.000345
128,asia,MW,1.6e-05
128,asia,MF,1e-05
128,asia,WMF,1e-05
128,asia,PE,8e-06
129,asia,MN,0.000277
129,asia,MW,8e-06
129,asia,MF,9e-06
129,asia,WMF,7e-06
129,asia,PE,9e-06
130,asia,MN,0.000257
130,asia,MW,8e-06
130,asia,MF,6e-06
130,asia,WMF,7e-06
130,asia,PE,8e-06
131,asia,MN,0.000259
131,asia,MW,7e-06
131,asia,MF,6e-06
131,asia,WMF,8e-06
131,asia,PE,8e-06
132,asia,MN,0.000246
132,asia,MW,7e-06
132,asia,MF,6e-06
132,asia,WMF,7e-06
132,asia,PE,9e-06
133,asia,MN,0.000248
133,asia,MW,6e-06
133,asia,MF,7e-06
133,asia,WMF,7e-06
133,asia,PE,8e-06
134,asia,MN,0.000257
134,asia,MW,7e-06
134,asia,MF,8e-06
134,asia,WMF,8e-06
134,asia,PE,7e-06
135,asia,MN,0.000269
135,asia,MW,7e-06
135,asia,MF,7e-06
135,asia,WMF,8e-06
135,asia,PE,6e-06
136,asia,MN,0.000257
136,asia,MW,7e-06
136,asia,MF,3.3e-05
136,asia,WMF,1.3e-05
136,asia,PE,2.3e-05
137,asia,MN,0.000377
137,asia,MW,1.1e-05
137,asia,MF,9e-06
137,asia,WMF,2.6e-05
137,asia,PE,9e-06
138,asia,MN,0.000375
138,asia,MW,1.6e-05
138,asia,MF,1.1e-05
138,asia,WMF,1.4e-05
138,asia,PE,1.5e-05
139,asia,MN,0.000289
139,asia,MW,8e-06
139,asia,MF,1.1e-05
139,asia,WMF,8e-06
139,asia,PE,8e-06
140,asia,MN,0.00025
140,asia,MW,7e-06
140,asia,MF,7e-06
140,asia,WMF,6e-06
140,asia,PE,7e-06
141,asia,MN,0.000278
141,asia,MW,8e-06
141,asia,MF,8e-06
141,asia,WMF,7e-06
141,asia,PE,6e-06
142,asia,MN,0.000259
142,asia,MW,7e-06
142,asia,MF,7e-06
142,asia,WMF,7e-06
142,asia,PE,1.1e-05
143,asia,MN,0.000308
143,asia,MW,1.2e-05
143,asia,MF,1.1e-05
143,asia,WMF,7e-06
143,asia,PE,7e-06
144,asia,MN,0.000315
144,asia,MW,9e-06
144,asia,MF,1.2e-05
144,asia,WMF,1.6e-05
144,asia,PE,1.4e-05
145,asia,MN,0.000294
145,asia,MW,8e-06
145,asia,MF,8e-06
145,asia,WMF,8e-06
145,asia,PE,2.6e-05
146,asia,MN,0.000331
146,asia,MW,1.1e-05
146,asia,MF,1.1e-05
146,asia,WMF,1.2e-05
146,asia,PE,1.4e-05
147,asia,MN,0.000435
147,asia,MW,1.6e-05
147,asia,MF,1.1e-05
147,asia,WMF,2.1e-05
147,asia,PE,1.1e-05
148,asia,MN,0.000264
148,asia,MW,1.1e-05
148,asia,MF,1e-05
148,asia,WMF,7e-06
148,asia,PE,1e-05
149,asia,MN,0.000257
149,asia,MW,1.1e-05
149,asia,MF,2e-05
149,asia,WMF,1.1e-05
149,asia,PE,1e-05
150,asia,MN,0.00033
150,asia,MW,1.1e-05
150,asia,MF,8e-06
150,asia,WMF,1.1e-05
150,asia,PE,9e-06
151,asia,MN,0.000261
151,asia,MW,8e-06
151,asia,MF,7e-06
151,asia,WMF,8e-06
151,asia,PE,1.7e-05
152,asia,MN,0.000257
152,asia,MW,8e-06
152,asia,MF,8e-06
152,asia,WMF,8e-06
152,asia,PE,7e-06
153,asia,MN,0.000248
153,asia,MW,7e-06
153,asia,MF,6e-06
153,asia,WMF,7e-06
153,asia,PE,8e-06
154,asia,MN,0.000284
154,asia,MW,7e-06
154,asia,MF,7e-06
154,asia,WMF,6e-06
154,asia,PE,6e-06
155,asia,MN,0.000274
155,asia,MW,7e-06
155,asia,MF,8e-06
155,asia,WMF,8e-06
155,asia,PE,6e-06
156,asia,MN,0.00029
156,asia,MW,8e-06
156,asia,MF,7e-06
156,asia,WMF,8e-06
156,asia,PE,7e-06
157,asia,MN,0.000247
157,asia,MW,8e-06
157,asia,MF,7e-06
157,asia,WMF,7e-06
157,asia,PE,6e-06
158,asia,MN,0.000245
158,asia,MW,8e-06
158,asia,MF,7e-06
158,asia,WMF,7e-06
158,asia,PE,7e-06
159,asia,MN,0.000254
159,asia,MW,7e-06
159,asia,MF,7e-06
159,asia,WMF,6e-06
159,asia,PE,7e-06
160,asia,MN,0.000254
160,asia,MW,8e-06
160,asia,MF,7e-06
160,asia,WMF,6e-06
160,asia,PE,9e-06
161,asia,MN,0.000254
161,asia,MW,6e-06
161,asia,MF,6e-06
161,asia,WMF,2.6e-05
161,asia,PE,1.1e-05
162,asia,MN,0.00033
162,asia,MW,9e-06
162,asia,MF,8e-06
162,asia,WMF,7e-06
162,asia,PE,8e-06
163,asia,MN,0.000278
163,asia,MW,7e-06
163,asia,MF,6e-06
163,asia,WMF,7e-06
163,asia,PE,7e-06
164,asia,MN,0.000272
164,asia,MW,7e-06
164,asia,MF,7e-06
164,asia,WMF,7e-06
164,asia,PE,6e-06
165,asia,MN,0.000262
165,asia,MW,7e-06
165,asia,MF,7e-06
165,asia,WMF,8e-06
165,asia,PE,8e-06
166,asia,MN,0.000244
166,asia,MW,6e-06
166,asia,MF,8e-06
166,asia,WMF,7e-06
166,asia,PE,7e-06
167,asia,MN,0.000254
167,asia,MW,7e-06
167,asia,MF,8e-06
167,asia,WMF,7e-06
167,asia,PE,6e-06
168,asia,MN,0.000252
168,asia,MW,7e-06
168,asia,MF,8e-06
168,asia,WMF,7e-06
168,asia,PE,7e-06
169,asia,MN,0.00026
169,asia,MW,8e-06
169,asia,MF,8e-06
169,asia,WMF,6e-06
169,asia,PE,8e-06
170,asia,MN,0.000249
170,asia,MW,7e-06
170,asia,MF,6e-06
170,asia,WMF,6e-06
170,asia,PE,7e-06
171,asia,MN,0.000244
171,asia,MW,8e-06
171,asia,MF,7e-06
171,asia,WMF,8e-06
171,asia,PE,8e-06
172,asia,MN,0.00027
172,asia,MW,8e-06
172,asia,MF,6e-06
172,asia,WMF,8e-06
172,asia,PE,6e-06
173,asia,MN,0.000246
173,asia,MW,8e-06
173,asia,MF,7e-06
173,asia,WMF,7e-06
173,asia,PE,7e-06
174,asia,MN,0.000262
174,asia,MW,7e-06
174,asia,MF,6e-06
174,asia,WMF,6e-06
174,asia,PE,7e-06
175,asia,MN,0.000243
175,asia,MW,7e-06
175,asia,MF,7e-06
175,asia,WMF,7e-06
175,asia,PE,8e-06
176,asia,MN,0.000332
176,asia,MW,7e-06
176,asia,MF,6e-06
176,asia,WMF,7e-06
176,asia,PE,6e-06
177,asia,MN,0.000249
177,asia,MW,7e-06
177,asia,MF,6e-06
177,asia,WMF,7e-06
177,asia,PE,8e-06
178,asia,MN,0.000458
178,asia,MW,9e-06
178,asia,MF,8e-06
178,asia,WMF,9e-06
178,asia,PE,2.1e-05
179,asia,MN,0.000273
179,asia,MW,9e-06
179,asia,MF,8e-06
179,asia,WMF,8e-06
179,asia,PE,9e-06
180,asia,MN,0.000325
180,asia,MW,7e-06
180,asia,MF,7e-06
180,asia,WMF,7e-06
180,asia,PE,1.6e-05
181,asia,MN,0.000266
181,asia,MW,8e-06
181,asia,MF,8e-06
181,asia,WMF,8e-06
181,asia,PE,6e-06
182,asia,MN,0.000248
182,asia,MW,8e-06
182,asia,MF,8e-06
182,asia,WMF,8e-06
182,asia,PE,8e-06
183,asia,MN,0.000246
183,asia,MW,7e-06
183,asia,MF,7e-06
183,asia,WMF,8e-06
183,asia,PE,7e-06
184,asia,MN,0.000253
184,asia,MW,8e-06
184,asia,MF,8e-06
184,asia,WMF,6e-06
184,asia,PE,7e-06
185,asia,MN,0.000246
185,asia,MW,8e-06
185,asia,MF,8e-06
185,asia,WMF,8e-06
185,asia,PE,1.1e-05
186,asia,MN,0.000254
186,asia,MW,8e-06
186,asia,MF,7e-06
186,asia,WMF,7e-06
186,asia,PE,7e-06
187,asia,MN,0.000244
187,asia,MW,7e-06
187,asia,MF,7e-06
187,asia,WMF,7e-06
187,asia,PE,6e-06
188,asia,MN,0.000253
188,asia,MW,6e-06
188,asia,MF,6e-06
188,asia,WMF,6e-06
188,asia,PE,8e-06
189,asia,MN,0.000268
189,asia,MW,8e-06
189,asia,MF,8e-06
189,asia,WMF,8e-06
189,asia,PE,7e-06
190,asia,MN,0.000255
190,asia,MW,7e-06
190,asia,MF,7e-06
190,asia,WMF,6e-06
190,asia,PE,7e-06
191,asia,MN,0.000256
191,asia,MW,8e-06
191,asia,MF,8e-06
191,asia,WMF,7e-06
191,asia,PE,6e-06
192,asia,MN,0.000253
192,asia,MW,7e-06
192,asia,MF,7e-06
192,asia,WMF,7e-06
192,asia,PE,8e-06
193,asia,MN,0.000252
193,asia,MW,8e-06
193,asia,MF,7e-06
193,asia,WMF,7e-06
193,asia,PE,8e-06
194,asia,MN,0.000241
194,asia,MW,8e-06
194,asia,MF,6e-06
194,asia,WMF,7e-06
194,asia,PE,7e-06
195,asia,MN,0.000503
195,asia,MW,1e-05
195,asia,MF,1e-05
195,asia,WMF,9e-06
195,asia,PE,2.2e-05
196,asia,MN,0.000348
196,asia,MW,1e-05
196,asia,MF,9e-06
196,asia,WMF,1.4e-05
196,asia,PE,1.5e-05
197,asia,MN,0.000362
197,asia,MW,9e-06
197,asia,MF,1e-05
197,asia,WMF,9e-06
197,asia,PE,1e-05
198,asia,MN,0.000397
198,asia,MW,1.1e-05
198,asia,MF,8e-06
198,asia,WMF,9e-06
198,asia,PE,9e-06
199,asia,MN,0.000344
199,asia,MW,1.1e-05
199,asia,MF,1e-05
199,asia,WMF,1e-05
199,asia,PE,7e-06
200,asia,MN,0.000283
200,asia,MW,9e-06
200,asia,MF,8e-06
200,asia,WMF,8e-06
200,asia,PE,8e-06
201,asia,MN,0.000343
201,asia,MW,9e-06
201,asia,MF,8e-06
201,asia,WMF,8e-06
201,asia,PE,8e-06
202,asia,MN,0.00029
202,asia,MW,8e-06
202,asia,MF,7e-06
202,asia,WMF,7e-06
202,asia,PE,6e-06
203,asia,MN,0.000254
203,asia,MW,8e-06
203,asia,MF,7e-06
203,asia,WMF,7e-06
203,asia,PE,7e-06
204,asia,MN,0.000243
204,asia,MW,8e-06
204,asia,MF,7e-06
204,asia,WMF,7e-06
204,asia,PE,8e-06
205,asia,MN,0.000258
205,asia,MW,8e-06
205,asia,MF,8e-06
205,asia,WMF,7e-06
205,asia,PE,7e-06
206,asia,MN,0.000256
206,asia,MW,1.5e-05
206,asia,MF,7e-06
206,asia,WMF,8e-06
206,asia,PE,7e-06
207,asia,MN,0.000263
207,asia,MW,8e-06
207,asia,MF,6e-06
207,asia,WMF,9e-06
207,asia,PE,1e-05
208,asia,MN,0.000255
208,asia,MW,7e-06
208,asia,MF,7e-06
208,asia,WMF,7e-06
208,asia,PE,8e-06
209,asia,MN,0.000271
209,asia,MW,8e-06
209,asia,MF,8e-06
209,asia,WMF,7e-06
209,asia,PE,7e-06
210,asia,MN,0.000435
210,asia,MW,1.1e-05
210,asia,MF,2.3e-05
210,asia,WMF,1e-05
210,asia,PE,1.4e-05
211,asia,MN,0.000343
211,asia,MW,1e-05
211,asia,MF,9e-06
211,asia,WMF,9e-06
211,asia,PE,1.1e-05
212,asia,MN,0.000349
212,asia,MW,1e-05
212,asia,MF,1e-05
212,asia,WMF,1e-05
212,asia,PE,8e-06
213,asia,MN,0.000284
213,asia,MW,8e-06
213,asia,MF,8e-06
213,asia,WMF,8e-06
213,asia,PE,7e-06
214,asia,MN,0.000291
214,asia,MW,8e-06
214,asia,MF,7e-06
214,asia,WMF,8e-06
214,asia,PE,9e-06
215,asia,MN,0.000289
215,asia,MW,8e-06
215,asia,MF,8e-06
215,asia,WMF,8e-06
215,asia,PE,8e-06
216,asia,MN,0.000289
216,asia,MW,7e-06
216,asia,MF,8e-06
216,asia,WMF,7e-06
216,asia,PE,6e-06
217,asia,MN,0.000244
217,asia,MW,7e-06
217,asia,MF,7e-06
217,asia,WMF,7e-06
217,asia,PE,6e-06
218,asia,MN,0.000245
218,asia,MW,8e-06
218,asia,MF,7e-06
218,asia,WMF,7e-06
218,asia,PE,1.1e-05
219,asia,MN,0.000255
219,asia,MW,8e-06
219,asia,MF,6e-06
219,asia,WMF,7e-06
219,asia,PE,8e-06
220,asia,MN,0.000257
220,asia,MW,8e-06
220,asia,MF,7e-06
220,asia,WMF,1.2e-05
220,asia,PE,6e-06
221,asia,MN,0.000253
221,asia,MW,8e-06
221,asia,MF,7e-06
221,asia,WMF,7e-06
221,asia,PE,8e-06
222,asia,MN,0.000249
222,asia,MW,8e-06
222,asia,MF,7e-06
222,asia,WMF,7e-06
222,asia,PE,7e-06
223,asia,MN,0.000261
223,asia,MW,8e-06
223,asia,MF,7e-06
223,asia,WMF,6e-06
223,asia,PE,7e-06
224,asia,MN,0.000253
224,asia,MW,8e-06
224,asia,MF,7e-06
224,asia,WMF,7e-06
224,asia,PE,8e-06
225,asia,MN,0.000264
225,asia,MW,6e-06
225,asia,MF,7e-06
225,asia,WMF,7e-06
225,asia,PE,7e-06
226,asia,MN,0.000298
226,asia,MW,6e-06
226,asia,MF,6e-06
226,asia,WMF,7e-06
226,asia,PE,1.3e-05
227,asia,MN,0.000275
227,asia,MW,9e-06
227,asia,MF,8e-06
227,asia,WMF,8e-06
227,asia,PE,9e-06
228,asia,MN,0.000379
228,asia,MW,8e-06
228,asia,MF,7e-06
228,asia,WMF,8e-06
228,asia,PE,7e-06
229,asia,MN,0.000263
229,asia,MW,8e-06
229,asia,MF,7e-06
229,asia,WMF,6e-06
229,asia,PE,7e-06
230,asia,MN,0.000251
230,asia,MW,8e-06
230,asia,MF,6e-06
230,asia,WMF,7e-06
230,asia,PE,8e-06
231,asia,MN,0.000246
231,asia,MW,7e-06
231,asia,MF,8e-06
231,asia,WMF,6e-06
231,asia,PE,8e-06
232,asia,MN,0.000254
232,asia,MW,7e-06
232,asia,MF,8e-06
232,asia,WMF,7e-06
232,asia,PE,1.8e-05
233,asia,MN,0.000244
233,asia,MW,8e-06
233,asia,MF,8e-06
233,asia,WMF,8e-06
233,asia,PE,6e-06
234,asia,MN,0.00026
234,asia,MW,7e-06
234,asia,MF,7e-06
234,asia,WMF,7e-06
234,asia,PE,8e-06
235,asia,MN,0.000256
235,asia,MW,7e-06
235,asia,MF,6e-06
235,asia,WMF,7e-06
235,asia,PE,6e-06
236,asia,MN,0.000278
236,asia,MW,8e-06
236,asia,MF,8e-06
236,asia,WMF,7e-06
236,asia,PE,7e-06
237,asia,MN,0.00029
237,asia,MW,7e-06
237,asia,MF,6e-06
237,asia,WMF,6e-06
237,asia,PE,8e-06
238,asia,MN,0.000253
238,asia,MW,8e-06
238,asia,MF,8e-06
238,asia,WMF,6e-06
238,asia,PE,6e-06
239,asia,MN,0.000255
239,asia,MW,7e-06
239,asia,MF,7e-06
239,asia,WMF,6e-06
239,asia,PE,6e-06
240,asia,MN,0.000253
240,asia,MW,7e-06
240,asia,MF,6e-06
240,asia,WMF,6e-06
240,asia,PE,7e-06
241,asia,MN,0.000244
241,asia,MW,1.1e-05
241,asia,MF,6e-06
241,asia,WMF,7e-06
241,asia,PE,8e-06
242,asia,MN,0.000264
242,asia,MW,7e-06
242,asia,MF,7e-06
242,asia,WMF,2.8e-05
242,asia,PE,1.5e-05
243,asia,MN,0.000378
243,asia,MW,1.1e-05
243,asia,MF,1.1e-05
243,asia,WMF,1.1e-05
243,asia,PE,1.4e-05
244,asia,MN,0.000368
244,asia,MW,1e-05
244,asia,MF,1e-05
244,asia,WMF,9e-06
244,asia,PE,9e-06
245,asia,MN,0.000345
245,asia,MW,1e-05
245,asia,MF,9e-06
245,asia,WMF,9e-06
245,asia,PE,9e-06
246,asia,MN,0.00028
246,asia,MW,7e-06
246,asia,MF,9e-06
246,asia,WMF,7e-06
246,asia,PE,8e-06
247,asia,MN,0.00028
247,asia,MW,7e-06
247,asia,MF,7e-06
247,asia,WMF,6e-06
247,asia,PE,6e-06
248,asia,MN,0.000267
248,asia,MW,8e-06
248,asia,MF,7e-06
248,asia,WMF,7e-06
248,asia,PE,7e-06
249,asia,MN,0.000274
249,asia,MW,7e-06
249,asia,MF,6e-06
249,asia,WMF,6e-06
249,asia,PE,7e-06
250,asia,MN,0.000255
250,asia,MW,8e-06
250,asia,MF,7e-06
250,asia,WMF,8e-06
250,asia,PE,8e-06
251,asia,MN,0.000257
251,asia,MW,8e-06
251,asia,MF,7e-06
251,asia,WMF,6e-06
251,asia,PE,7e-06
252,asia,MN,0.000258
252,asia,MW,1.1e-05
252,asia,MF,7e-06
252,asia,WMF,6e-06
252,asia,PE,8e-06
253,asia,MN,0.000255
253,asia,MW,7e-06
253,asia,MF,6e-06
253,asia,WMF,7e-06
253,asia,PE,7e-06
254,asia,MN,0.00031
254,asia,MW,7e-06
254,asia,MF,6e-06
254,asia,WMF,6e-06
254,asia,PE,7e-06
255,asia,MN,0.000259
255,asia,MW,8e-06
255,asia,MF,6e-06
255,asia,WMF,6e-06
255,asia,PE,1.6e-05
256,asia,MN,0.000271
256,asia,MW,7e-06
256,asia,MF,6e-06
256,asia,WMF,7e-06
256,asia,PE,8e-06
257,asia,MN,0.000331
257,asia,MW,7e-06
257,asia,MF,7e-06
257,asia,WMF,7e-06
257,asia,PE,1.1e-05
258,asia,MN,0.000266
258,asia,MW,7e-06
258,asia,MF,7e-06
258,asia,WMF,6e-06
258,asia,PE,1.3e-05
259,asia,MN,0.000505
259,asia,MW,1.4e-05
259,asia,MF,7e-06
259,asia,WMF,6e-06
259,asia,PE,7e-06
260,asia,MN,0.000384
260,asia,MW,8e-06
260,asia,MF,7e-06
260,asia,WMF,8e-06
260,asia,PE,1e-05
261,asia,MN,0.000259
261,asia,MW,7e-06
261,asia,MF,8e-06
261,asia,WMF,7e-06
261,asia,PE,7e-06
262,asia,MN,0.000254
262,asia,MW,8e-06
262,asia,MF,8e-06
262,asia,WMF,7e-06
262,asia,PE,1e-05
263,asia,MN,0.000306
263,asia,MW,8e-06
263,asia,MF,8e-06
263,asia,WMF,8e-06
263,asia,PE,7e-06
264,asia,MN,0.000254
264,asia,MW,8e-06
264,asia,MF,7e-06
264,asia,WMF,6e-06
264,asia,PE,7e-06
265,asia,MN,0.000302
265,asia,MW,6e-06
265,asia,MF,7e-06
265,asia,WMF,6e-06
265,asia,PE,6e-06
266,asia,MN,0.000245
266,asia,MW,8e-06
266,asia,MF,7e-06
266,asia,WMF,7e-06
266,asia,PE,7e-06
267,asia,MN,0.000277
267,asia,MW,8e-06
267,asia,MF,6e-06
267,asia,WMF,7e-06
267,asia,PE,7e-06
268,asia,MN,0.000251
268,asia,MW,8e-06
268,asia,MF,8e-06
268,asia,WMF,7e-06
268,asia,PE,1.1e-05
269,asia,MN,0.000259
269,asia,MW,8e-06
269,asia,MF,8e-06
269,asia,WMF,7e-06
269,asia,PE,7e-06
270,asia,MN,0.000275
270,asia,MW,8e-06
270,asia,MF,7e-06
270,asia,WMF,6e-06
270,asia,PE,8e-06
271,asia,MN,0.000254
271,asia,MW,6e-06
271,asia,MF,7e-06
271,asia,WMF,6e-06
271,asia,PE,8e-06
272,asia,MN,0.000488
272,asia,MW,7e-06
272,asia,MF,8e-06
272,asia,WMF,7e-06
272,asia,PE,8e-06
273,asia,MN,0.000257
273,asia,MW,8e-06
273,asia,MF,8e-06
273,asia,WMF,6e-06
273,asia,PE,6e-06
274,asia,MN,0.000316
274,asia,MW,8e-06
274,asia,MF,7e-06
274,asia,WMF,7e-06
274,asia,PE,1.1e-05
275,asia,MN,0.000259
275,asia,MW,8e-06
275,asia,MF,7e-06
275,asia,WMF,7e-06
275,asia,PE,8e-06
276,asia,MN,0.000341
276,asia,MW,1e-05
276,asia,MF,9e-06
276,asia,WMF,1e-05
276,asia,PE,1e-05
277,asia,MN,0.000288
277,asia,MW,8e-06
277,asia,MF,7e-06
277,asia,WMF,8e-06
277,asia,PE,8e-06
278,asia,MN,0.000243
278,asia,MW,7e-06
278,asia,MF,6e-06
278,asia,WMF,7e-06
278,asia,PE,6e-06
279,asia,MN,0.000254
279,asia,MW,7e-06
279,asia,MF,6e-06
279,asia,WMF,8e-06
279,asia,PE,7e-06
280,asia,MN,0.000254
280,asia,MW,8e-06
280,asia,MF,7e-06
280,asia,WMF,7e-06
280,asia,PE,8e-06
281,asia,MN,0.000283
281,asia,MW,7e-06
281,asia,MF,7e-06
281,asia,WMF,7e-06
281,asia,PE,7e-06
282,asia,MN,0.000332
282,asia,MW,1.1e-05
282,asia,MF,7e-06
282,asia,WMF,7e-06
282,asia,PE,7e-06
283,asia,MN,0.000243
283,asia,MW,7e-06
283,asia,MF,6e-06
283,asia,WMF,6e-06
283,asia,PE,8e-06
284,asia,MN,0.000246
284,asia,MW,7e-06
284,asia,MF,6e-06
284,asia,WMF,7e-06
284,asia,PE,8e-06
285,asia,MN,0.000254
285,asia,MW,7e-06
285,asia,MF,6e-06
285,asia,WMF,7e-06
285,asia,PE,6e-06
286,asia,MN,0.00025
286,asia,MW,8e-06
286,asia,MF,7e-06
286,asia,WMF,7e-06
286,asia,PE,9e-06
287,asia,MN,0.000274
287,asia,MW,2.9e-05
287,asia,MF,1e-05
287,asia,WMF,1.1e-05
287,asia,PE,1.5e-05
288,asia,MN,0.000407
288,asia,MW,1.1e-05
288,asia,MF,9e-06
288,asia,WMF,9e-06
288,asia,PE,1.7e-05
289,asia,MN,0.000341
289,asia,MW,9e-06
289,asia,MF,8e-06
289,asia,WMF,1e-05
289,asia,PE,1e-05
290,asia,MN,0.000332
290,asia,MW,9e-06
290,asia,MF,1e-05
290,asia,WMF,1e-05
290,asia,PE,1e-05
291,asia,MN,0.000343
291,asia,MW,1e-05
291,asia,MF,8e-06
291,asia,WMF,8e-06
291,asia,PE,7e-06
292,asia,MN,0.000288
292,asia,MW,7e-06
292,asia,MF,8e-06
292,asia,WMF,7e-06
292,asia,PE,1.8e-05
293,asia,MN,0.000302
293,asia,MW,8e-06
293,asia,MF,8e-06
293,asia,WMF,7e-06
293,asia,PE,7e-06
294,asia,MN,0.000252
294,asia,MW,6e-06
294,asia,MF,8e-06
294,asia,WMF,8e-06
294,asia,PE,8e-06
295,asia,MN,0.000265
295,asia,MW,8e-06
295,asia,MF,8e-06
295,asia,WMF,6e-06
295,asia,PE,7e-06
296,asia,MN,0.000251
296,asia,MW,7e-06
296,asia,MF,6e-06
296,asia,WMF,7e-06
296,asia,PE,7e-06
297,asia,MN,0.000263
297,asia,MW,8e-06
297,asia,MF,7e-06
297,asia,WMF,8e-06
297,asia,PE,7e-06
298,asia,MN,0.000264
298,asia,MW,6e-06
298,asia,MF,6e-06
298,asia,WMF,6e-06
298,asia,PE,8e-06
299,asia,MN,0.000254
299,asia,MW,8e-06
299,asia,MF,8e-06
299,asia,WMF,1.1e-05
299,asia,PE,7e-06
300,asia,MN,0.000256
300,asia,MW,7e-06
300,asia,MF,7e-06
300,asia,WMF,6e-06
300,asia,PE,8e-06
301,asia,MN,0.000249
301,asia,MW,7e-06
301,asia,MF,7e-06
301,asia,WMF,7e-06
301,asia,PE,6e-06
302,asia,MN,0.000392
302,asia,MW,1e-05
302,asia,MF,9e-06
302,asia,WMF,1e-05
302,asia,PE,1.4e-05
303,asia,MN,0.000436
303,asia,MW,9e-06
303,asia,MF,9e-06
303,asia,WMF,1e-05
303,asia,PE,1.1e-05
304,asia,MN,0.000347
304,asia,MW,9e-06
304,asia,MF,9e-06
304,asia,WMF,1e-05
304,asia,PE,1e-05
305,asia,MN,0.000339
305,asia,MW,1.1e-05
305,asia,MF,1e-05
305,asia,WMF,1e-05
305,asia,PE,1e-05
306,asia,MN,0.000349
306,asia,MW,1e-05
306,asia,MF,1e-05
306,asia,WMF,8e-06
306,asia,PE,8e-06
307,asia,MN,0.000278
307,asia,MW,8e-06
307,asia,MF,8e-06
307,asia,WMF,7e-06
307,asia,PE,8e-06
308,asia,MN,0.000268
308,asia,MW,9e-06
308,asia,MF,7e-06
308,asia,WMF,7e-06
308,asia,PE,8e-06
309,asia,MN,0.000312
309,asia,MW,7e-06
309,asia,MF,6e-06
309,asia,WMF,6e-06
309,asia,PE,7e-06
310,asia,MN,0.000257
310,asia,MW,8e-06
310,asia,MF,7e-06
310,asia,WMF,8e-06
310,asia,PE,7e-06
311,asia,MN,0.000254
311,asia,MW,7e-06
311,asia,MF,7e-06
311,asia,WMF,6e-06
311,asia,PE,6e-06
312,asia,MN,0.000308
312,asia,MW,8e-06
312,asia,MF,7e-06
312,asia,WMF,7e-06
312,asia,PE,7e-06
313,asia,MN,0.000255
313,asia,MW,8e-06
313,asia,MF,7e-06
313,asia,WMF,8e-06
313,asia,PE,8e-06
314,asia,MN,0.000245
314,asia,MW,8e-06
314,asia,MF,8e-06
314,asia,WMF,8e-06
314,asia,PE,7e-06
315,asia,MN,0.000252
315,asia,MW,7e-06
315,asia,MF,6e-06
315,asia,WMF,8e-06
315,asia,PE,8e-06
316,asia,MN,0.000265
316,asia,MW,6e-06
316,asia,MF,7e-06
316,asia,WMF,7e-06
316,asia,PE,7e-06
317,asia,MN,0.000472
317,asia,MW,1.1e-05
317,asia,MF,1.2e-05
317,asia,WMF,1e-05
317,asia,PE,3.9e-05
318,asia,MN,0.000369
318,asia,MW,1.1e-05
318,asia,MF,1e-05
318,asia,WMF,1e-05
318,asia,PE,1.4e-05
319,asia,MN,0.000354
319,asia,MW,1.1e-05
319,asia,MF,1e-05
319,asia,WMF,9e-06
319,asia,PE,9e-06
320,asia,MN,0.000338
320,asia,MW,1e-05
320,asia,MF,9e-06
320,asia,WMF,1e-05
320,asia,PE,9e-06
321,asia,MN,0.000329
321,asia,MW,1e-05
321,asia,MF,9e-06
321,asia,WMF,3.9e-05
321,asia,PE,1.1e-05
322,asia,MN,0.000382
322,asia,MW,9e-06
322,asia,MF,8e-06
322,asia,WMF,8e-06
322,asia,PE,9e-06
323,asia,MN,0.000282
323,asia,MW,7e-06
323,asia,MF,8e-06
323,asia,WMF,7e-06
323,asia,PE,7e-06
324,asia,MN,0.000284
324,asia,MW,8e-06
324,asia,MF,7e-06
324,asia,WMF,8e-06
324,asia,PE,7e-06
325,asia,MN,0.000245
325,asia,MW,7e-06
325,asia,MF,7e-06
325,asia,WMF,7e-06
325,asia,PE,7e-06
326,asia,MN,0.000259
326,asia,MW,8e-06
326,asia,MF,8e-06
326,asia,WMF,7e-06
326,asia,PE,7e-06
327,asia,MN,0.000271
327,asia,MW,7e-06
327,asia,MF,7e-06
327,asia,WMF,1e-05
327,asia,PE,1e-05
328,asia,MN,0.000257
328,asia,MW,1.2e-05
328,asia,MF,6e-06
328,asia,WMF,7e-06
328,asia,PE,7e-06
329,asia,MN,0.00026
329,asia,MW,6e-06
329,asia,MF,6e-06
329,asia,WMF,7e-06
329,asia,PE,8e-06
330,asia,MN,0.000268
330,asia,MW,8e-06
330,asia,MF,6e-06
330,asia,WMF,6e-06
330,asia,PE,7e-06
331,asia,MN,0.00032
331,asia,MW,8e-06
331,asia,MF,8e-06
331,asia,WMF,8e-06
331,asia,PE,1.1e-05
332,asia,MN,0.000285
332,asia,MW,8e-06
332,asia,MF,8e-06
332,asia,WMF,1.6e-05
332,asia,PE,1.7e-05
333,asia,MN,0.000353
333,asia,MW,8e-06
333,asia,MF,7e-06
333,asia,WMF,8e-06
333,asia,PE,7e-06
334,asia,MN,0.000246
334,asia,MW,7e-06
334,asia,MF,7e-06
334,asia,WMF,6e-06
334,asia,PE,8e-06
335,asia,MN,0.000254
335,asia,MW,8e-06
335,asia,MF,7e-06
335,asia,WMF,7e-06
335,asia,PE,7e-06
336,asia,MN,0.000242
336,asia,MW,8e-06
336,asia,MF,8e-06
336,asia,WMF,8e-06
336,asia,PE,8e-06
337,asia,MN,0.000258
337,asia,MW,8e-06
337,asia,MF,7e-06
337,asia,WMF,7e-06
337,asia,PE,6e-06
338,asia,MN,0.000257
338,asia,MW,8e-06
338,asia,MF,7e-06
338,asia,WMF,7e-06
338,asia,PE,7e-06
339,asia,MN,0.000259
339,asia,MW,8e-06
339,asia,MF,8e-06
339,asia,WMF,6e-06
339,asia,PE,8e-06
340,asia,MN,0.000249
340,asia,MW,8e-06
340,asia,MF,6e-06
340,asia,WMF,7e-06
340,asia,PE,8e-06
341,asia,MN,0.000258
341,asia,MW,8e-06
341,asia,MF,1.2e-05
341,asia,WMF,7e-06
341,asia,PE,1.1e-05
342,asia,MN,0.000265
342,asia,MW,7e-06
342,asia,MF,8e-06
342,asia,WMF,7e-06
342,asia,PE,1.6e-05
343,asia,MN,0.000256
343,asia,MW,8e-06
343,asia,MF,6e-06
343,asia,WMF,7e-06
343,asia,PE,7e-06
344,asia,MN,0.000265
344,asia,MW,8e-06
344,asia,MF,1e-05
344,asia,WMF,1.2e-05
344,asia,PE,1e-05
345,asia,MN,0.000262
345,asia,MW,7e-06
345,asia,MF,6e-06
345,asia,WMF,7e-06
345,asia,PE,9e-06
346,asia,MN,0.000378
346,asia,MW,1.2e-05
346,asia,MF,1.3e-05
346,asia,WMF,1.5e-05
346,asia,PE,1.3e-05
347,asia,MN,0.000331
347,asia,MW,8e-06
347,asia,MF,6e-06
347,asia,WMF,2e-05
347,asia,PE,2.2e-05
348,asia,MN,0.00031
348,asia,MW,8e-06
348,asia,MF,8e-06
348,asia,WMF,7e-06
348,asia,PE,1.4e-05
349,asia,MN,0.000282
349,asia,MW,1.2e-05
349,asia,MF,7e-06
349,asia,WMF,9e-06
349,asia,PE,9e-06
350,asia,MN,0.000263
350,asia,MW,8e-06
350,asia,MF,7e-06
350,asia,WMF,7e-06
350,asia,PE,8e-06
351,asia,MN,0.000294
351,asia,MW,9e-06
351,asia,MF,7e-06
351,asia,WMF,7e-06
351,asia,PE,8e-06
352,asia,MN,0.00033
352,asia,MW,9e-06
352,asia,MF,1.5e-05
352,asia,WMF,1.1e-05
352,asia,PE,8e-06
353,asia,MN,0.000352
353,asia,MW,1.5e-05
353,asia,MF,1e-05
353,asia,WMF,1.3e-05
353,asia,PE,1e-05
354,asia,MN,0.000336
354,asia,MW,1.4e-05
354,asia,MF,1.1e-05
354,asia,WMF,1.2e-05
354,asia,PE,1e-05
355,asia,MN,0.000335
355,asia,MW,2e-05
355,asia,MF,1.3e-05
355,asia,WMF,1e-05
355,asia,PE,9e-06
356,asia,MN,0.000252
356,asia,MW,7e-06
356,asia,MF,7e-06
356,asia,WMF,7e-06
356,asia,PE,8e-06
357,asia,MN,0.000344
357,asia,MW,1.4e-05
357,asia,MF,1.3e-05
357,asia,WMF,1e-05
357,asia,PE,7e-06
358,asia,MN,0.000269
358,asia,MW,1.2e-05
358,asia,MF,8e-06
358,asia,WMF,6e-06
358,asia,PE,7e-06
359,asia,MN,0.000252
359,asia,MW,7e-06
359,asia,MF,6e-06
359,asia,WMF,6e-06
359,asia,PE,8e-06
360,asia,MN,0.000265
360,asia,MW,7e-06
360,asia,MF,7e-06
360,asia,WMF,7e-06
360,asia,PE,8e-06
361,asia,MN,0.000264
361,asia,MW,7e-06
361,asia,MF,6e-06
361,asia,WMF,7e-06
361,asia,PE,8e-06
362,asia,MN,0.000438
362,asia,MW,1.2e-05
362,asia,MF,9e-06
362,asia,WMF,1.1e-05
362,asia,PE,2.4e-05
363,asia,MN,0.000363
363,asia,MW,1.1e-05
363,asia,MF,1.2e-05
363,asia,WMF,1.3e-05
363,asia,PE,1.2e-05
364,asia,MN,0.00036
364,asia,MW,1e-05
364,asia,MF,9e-06
364,asia,WMF,1e-05
364,asia,PE,1e-05
365,asia,MN,0.000339
365,asia,MW,1e-05
365,asia,MF,1.5e-05
365,asia,WMF,1.5e-05
365,asia,PE,1e-05
366,asia,MN,0.000346
366,asia,MW,7e-06
366,asia,MF,8e-06
366,asia,WMF,7e-06
366,asia,PE,1e-05
367,asia,MN,0.000286
367,asia,MW,8e-06
367,asia,MF,9e-06
367,asia,WMF,8e-06
367,asia,PE,8e-06
368,asia,MN,0.000288
368,asia,MW,9e-06
368,asia,MF,7e-06
368,asia,WMF,8e-06
368,asia,PE,8e-06
369,asia,MN,0.000287
369,asia,MW,8e-06
369,asia,MF,8e-06
369,asia,WMF,7e-06
369,asia,PE,9e-06
370,asia,MN,0.000286
370,asia,MW,8e-06
370,asia,MF,8e-06
370,asia,WMF,6e-06
370,asia,PE,7e-06
371,asia,MN,0.000258
371,asia,MW,7e-06
371,asia,MF,2.8e-05
371,asia,WMF,1.2e-05
371,asia,PE,7e-06
372,asia,MN,0.000251
372,asia,MW,8e-06
372,asia,MF,7e-06
372,asia,WMF,7e-06
372,asia,PE,8e-06
373,asia,MN,0.000247
373,asia,MW,8e-06
373,asia,MF,9e-06
373,asia,WMF,8e-06
373,asia,PE,6e-06
374,asia,MN,0.000254
374,asia,MW,7e-06
374,asia,MF,7e-06
374,asia,WMF,8e-06
374,asia,PE,6e-06
375,asia,MN,0.000246
375,asia,MW,7e-06
375,asia,MF,7e-06
375,asia,WMF,7e-06
375,asia,PE,7e-06
376,asia,MN,0.000325
376,asia,MW,7e-06
376,asia,MF,6e-06
376,asia,WMF,6e-06
376,asia,PE,1.5e-05
377,asia,MN,0.000275
377,asia,MW,8e-06
377,asia,MF,7e-06
377,asia,WMF,6e-06
377,asia,PE,1e-05
378,asia,MN,0.000285
378,asia,MW,8e-06
378,asia,MF,8e-06
378,asia,WMF,8e-06
378,asia,PE,7e-06
379,asia,MN,0.000247
379,asia,MW,6e-06
379,asia,MF,6e-06
379,asia,WMF,7e-06
379,asia,PE,7e-06
380,asia,MN,0.000292
380,asia,MW,7e-06
380,asia,MF,6e-06
380,asia,WMF,6e-06
380,asia,PE,6e-06
381,asia,MN,0.000251
381,asia,MW,8e-06
381,asia,MF,7e-06
381,asia,WMF,6e-06
381,asia,PE,1.1e-05
382,asia,MN,0.000344
382,asia,MW,1.3e-05
382,asia,MF,1.1e-05
382,asia,WMF,1.1e-05
382,asia,PE,3.2e-05
383,asia,MN,0.00035
383,asia,MW,1.3e-05
383,asia,MF,1.7e-05
383,asia,WMF,9e-06
383,asia,PE,1.2e-05
384,asia,MN,0.000265
384,asia,MW,8e-06
384,asia,MF,7e-06
384,asia,WMF,7e-06
384,asia,PE,6e-06
385,asia,MN,0.000241
385,asia,MW,7e-06
385,asia,MF,7e-06
385,asia,WMF,7e-06
385,asia,PE,7e-06
386,asia,MN,0.000255
386,asia,MW,7e-06
386,asia,MF,8e-06
386,asia,WMF,7e-06
386,asia,PE,7e-06
387,asia,MN,0.000244
387,asia,MW,9e-06
387,asia,MF,8e-06
387,asia,WMF,7e-06
387,asia,PE,6e-06
388,asia,MN,0.000257
388,asia,MW,7e-06
388,asia,MF,6e-06
388,asia,WMF,6e-06
388,asia,PE,7e-06
389,asia,MN,0.000255
389,asia,MW,8e-06
389,asia,MF,7e-06
389,asia,WMF,7e-06
389,asia,PE,7e-06
390,asia,MN,0.000252
390,asia,MW,7e-06
390,asia,MF,6e-06
390,asia,WMF,6e-06
390,asia,PE,9e-06
391,asia,MN,0.00025
391,asia,MW,7e-06
391,asia,MF,7e-06
391,asia,WMF,7e-06
391,asia,PE,6e-06
392,asia,MN,0.0004
392,asia,MW,1.1e-05
392,asia,MF,1e-05
392,asia,WMF,9e-06
392,asia,PE,1.5e-05
393,asia,MN,0.000466
393,asia,MW,1.1e-05
393,asia,MF,9e-06
393,asia,WMF,1.1e-05
393,asia,PE,2.3e-05
394,asia,MN,0.000343
394,asia,MW,1.1e-05
394,asia,MF,8e-06
394,asia,WMF,1e-05
394,asia,PE,8e-06
395,asia,MN,0.000347
395,asia,MW,1e-05
395,asia,MF,1e-05
395,asia,WMF,9e-06
395,asia,PE,9e-06
396,asia,MN,0.000283
396,asia,MW,8e-06
396,asia,MF,8e-06
396,asia,WMF,7e-06
396,asia,PE,8e-06
397,asia,MN,0.00028
397,asia,MW,8e-06
397,asia,MF,8e-06
397,asia,WMF,6e-06
397,asia,PE,8e-06
398,asia,MN,0.000255
398,asia,MW,7e-06
398,asia,MF,7e-06
398,asia,WMF,6e-06
398,asia,PE,6e-06
399,asia,MN,0.000253
399,asia,MW,7e-06
399,asia,MF,8e-06
399,asia,WMF,8e-06
399,asia,PE,6e-06
400,asia,MN,0.000266
400,asia,MW,8e-06
400,asia,MF,7e-06
400,asia,WMF,8e-06
400,asia,PE,7e-06
401,asia,MN,0.000259
401,asia,MW,6e-06
401,asia,MF,6e-06
401,asia,WMF,7e-06
401,asia,PE,6e-06
402,asia,MN,0.000245
402,asia,MW,7e-06
402,asia,MF,6e-06
402,asia,WMF,7e-06
402,asia,PE,7e-06
403,asia,MN,0.000259
403,asia,MW,7e-06
403,asia,MF,6e-06
403,asia,WMF,8e-06
403,asia,PE,8e-06
404,asia,MN,0.000251
404,asia,MW,6e-06
404,asia,MF,6e-06
404,asia,WMF,8e-06
404,asia,PE,6e-06
405,asia,MN,0.000264
405,asia,MW,9e-06
405,asia,MF,8e-06
405,asia,WMF,7e-06
405,asia,PE,9e-06
406,asia,MN,0.000256
406,asia,MW,6e-06
406,asia,MF,2e-05
406,asia,WMF,1.2e-05
406,asia,PE,1.2e-05
407,asia,MN,0.000315
407,asia,MW,7e-06
407,asia,MF,7e-06
407,asia,WMF,6e-06
407,asia,PE,1.8e-05
408,asia,MN,0.000313
408,asia,MW,1.5e-05
408,asia,MF,6e-06
408,asia,WMF,8e-06
408,asia,PE,9e-06
409,asia,MN,0.000258
409,asia,MW,8e-06
409,asia,MF,7e-06
409,asia,WMF,7e-06
409,asia,PE,8e-06
410,asia,MN,0.000257
410,asia,MW,8e-06
410,asia,MF,7e-06
410,asia,WMF,7e-06
410,asia,PE,1.9e-05
411,asia,MN,0.000269
411,asia,MW,8e-06
411,asia,MF,8e-06
411,asia,WMF,6e-06
411,asia,PE,7e-06
412,asia,MN,0.000258
412,asia,MW,8e-06
412,asia,MF,7e-06
412,asia,WMF,8e-06
412,asia,PE,7e-06
413,asia,MN,0.000312
413,asia,MW,9e-06
413,asia,MF,7e-06
413,asia,WMF,6e-06
413,asia,PE,8e-06
414,asia,MN,0.000255
414,asia,MW,7e-06
414,asia,MF,8e-06
414,asia,WMF,7e-06
414,asia,PE,7e-06
415,asia,MN,0.000285
415,asia,MW,8e-06
415,asia,MF,7e-06
415,asia,WMF,7e-06
415,asia,PE,7e-06
416,asia,MN,0.000252
416,asia,MW,1.2e-05
416,asia,MF,8e-06
416,asia,WMF,9e-06
416,asia,PE,8e-06
417,asia,MN,0.000257
417,asia,MW,7e-06
417,asia,MF,6e-06
417,asia,WMF,7e-06
417,asia,PE,7e-06
418,asia,MN,0.000242
418,asia,MW,8e-06
418,asia,MF,7e-06
418,asia,WMF,7e-06
418,asia,PE,8e-06
419,asia,MN,0.000256
419,asia,MW,8e-06
419,asia,MF,7e-06
419,asia,WMF,8e-06
419,asia,PE,8e-06
420,asia,MN,0.000308
420,asia,MW,7e-06
420,asia,MF,6e-06
420,asia,WMF,7e-06
420,asia,PE,9e-06
421,asia,MN,0.000261
421,asia,MW,8e-06
421,asia,MF,6e-06
421,asia,WMF,2.7e-05
421,asia,PE,8e-06
422,asia,MN,0.000286
422,asia,MW,9e-06
422,asia,MF,7e-06
422,asia,WMF,7e-06
422,asia,PE,1e-05
423,asia,MN,0.000272
423,asia,MW,7e-06
423,asia,MF,7e-06
423,asia,WMF,8e-06
423,asia,PE,9e-06
424,asia,MN,0.000253
424,asia,MW,8e-06
424,asia,MF,6e-06
424,asia,WMF,6e-06
424,asia,PE,7e-06
425,asia,MN,0.000246
425,asia,MW,8e-06
425,asia,MF,7e-06
425,asia,WMF,7e-06
425,asia,PE,7e-06
426,asia,MN,0.000278
426,asia,MW,8e-06
426,asia,MF,8e-06
426,asia,WMF,7e-06
426,asia,PE,8e-06
427,asia,MN,0.000259
427,asia,MW,8e-06
427,asia,MF,8e-06
427,asia,WMF,7e-06
427,asia,PE,6e-06
428,asia,MN,0.000254
428,asia,MW,7e-06
428,asia,MF,7e-06
428,asia,WMF,7e-06
428,asia,PE,7e-06
429,asia,MN,0.000261
429,asia,MW,8e-06
429,asia,MF,8e-06
429,asia,WMF,7e-06
429,asia,PE,7e-06
430,asia,MN,0.00026
430,asia,MW,8e-06
430,asia,MF,7e-06
430,asia,WMF,7e-06
430,asia,PE,7e-06
431,asia,MN,0.000252
431,asia,MW,8e-06
431,asia,MF,8e-06
431,asia,WMF,6e-06
431,asia,PE,6e-06
432,asia,MN,0.000248
432,asia,MW,7e-06
432,asia,MF,6e-06
432,asia,WMF,7e-06
432,asia,PE,7e-06
433,asia,MN,0.000245
433,asia,MW,7e-06
433,asia,MF,6e-06
433,asia,WMF,1.4e-05
433,asia,PE,7e-06
434,asia,MN,0.000273
434,asia,MW,1.2e-05
434,asia,MF,6e-06
434,asia,WMF,6e-06
434,asia,PE,6e-06
435,asia,MN,0.000258
435,asia,MW,7e-06
435,asia,MF,8e-06
435,asia,WMF,6e-06
435,asia,PE,9e-06
436,asia,MN,0.000294
436,asia,MW,6e-06
436,asia,MF,7e-06
436,asia,WMF,6e-06
436,asia,PE,2e-05
437,asia,MN,0.000377
437,asia,MW,3.1e-05
437,asia,MF,9e-06
437,asia,WMF,1.1e-05
437,asia,PE,1.8e-05
438,asia,MN,0.000326
438,asia,MW,9e-06
438,asia,MF,7e-06
438,asia,WMF,9e-06
438,asia,PE,1.4e-05
439,asia,MN,0.000304
439,asia,MW,8e-06
439,asia,MF,1e-05
439,asia,WMF,1.1e-05
439,asia,PE,1.3e-05
440,asia,MN,0.000274
440,asia,MW,7e-06
440,asia,MF,6e-06
440,asia,WMF,6e-06
440,asia,PE,7e-06
441,asia,MN,0.000255
441,asia,MW,8e-06
441,asia,MF,6e-06
441,asia,WMF,6e-06
441,asia,PE,1e-05
442,asia,MN,0.000266
442,asia,MW,7e-06
442,asia,MF,7e-06
442,asia,WMF,7e-06
442,asia,PE,1.6e-05
443,asia,MN,0.000339
443,asia,MW,1.4e-05
443,asia,MF,1.3e-05
443,asia,WMF,1.2e-05
443,asia,PE,1.5e-05
444,asia,MN,0.000347
444,asia,MW,1.3e-05
444,asia,MF,8e-06
444,asia,WMF,1e-05
444,asia,PE,9e-06
445,asia,MN,0.000257
445,asia,MW,8e-06
445,asia,MF,7e-06
445,asia,WMF,6e-06
445,asia,PE,6e-06
446,asia,MN,0.000249
446,asia,MW,8e-06
446,asia,MF,8e-06
446,asia,WMF,8e-06
446,asia,PE,8e-06
447,asia,MN,0.000258
447,asia,MW,6e-06
447,asia,MF,6e-06
447,asia,WMF,6e-06
447,asia,PE,1e-05
448,asia,MN,0.000267
448,asia,MW,8e-06
448,asia,MF,7e-06
448,asia,WMF,6e-06
448,asia,PE,1.2e-05
449,asia,MN,0.000336
449,asia,MW,1.3e-05
449,asia,MF,1.2e-05
449,asia,WMF,1e-05
449,asia,PE,1.4e-05
450,asia,MN,0.000405
450,asia,MW,1.2e-05
450,asia,MF,1e-05
450,asia,WMF,7e-06
450,asia,PE,1.6e-05
451,asia,MN,0.000287
451,asia,MW,8e-06
451,asia,MF,8e-06
451,asia,WMF,7e-06
451,asia,PE,2.5e-05
452,asia,MN,0.00043
452,asia,MW,1e-05
452,asia,MF,7e-06
452,asia,WMF,1e-05
452,asia,PE,1.5e-05
453,asia,MN,0.000336
453,asia,MW,8e-06
453,asia,MF,7e-06
453,asia,WMF,7e-06
453,asia,PE,7e-06
454,asia,MN,0.000253
454,asia,MW,6e-06
454,asia,MF,6e-06
454,asia,WMF,7e-06
454,asia,PE,7e-06
455,asia,MN,0.00025
455,asia,MW,7e-06
455,asia,MF,7e-06
455,asia,WMF,8e-06
455,asia,PE,7e-06
456,asia,MN,0.000254
456,asia,MW,7e-06
456,asia,MF,7e-06
456,asia,WMF,6e-06
456,asia,PE,6e-06
457,asia,MN,0.000259
457,asia,MW,7e-06
457,asia,MF,8e-06
457,asia,WMF,7e-06
457,asia,PE,7e-06
458,asia,MN,0.000253
458,asia,MW,8e-06
458,asia,MF,6e-06
458,asia,WMF,7e-06
458,asia,PE,7e-06
459,asia,MN,0.000257
459,asia,MW,7e-06
459,asia,MF,6e-06
459,asia,WMF,7e-06
459,asia,PE,6e-06
460,asia,MN,0.000252
460,asia,MW,8e-06
460,asia,MF,8e-06
460,asia,WMF,8e-06
460,asia,PE,7e-06
461,asia,MN,0.000255
461,asia,MW,8e-06
461,asia,MF,7e-06
461,asia,WMF,7e-06
461,asia,PE,7e-06
462,asia,MN,0.000245
462,asia,MW,8e-06
462,asia,MF,8e-06
462,asia,WMF,7e-06
462,asia,PE,8e-06
463,asia,MN,0.000311
463,asia,MW,7e-06
463,asia,MF,6e-06
463,asia,WMF,7e-06
463,asia,PE,7e-06
464,asia,MN,0.000244
464,asia,MW,7e-06
464,asia,MF,7e-06
464,asia,WMF,6e-06
464,asia,PE,7e-06
465,asia,MN,0.000252
465,asia,MW,7e-06
465,asia,MF,7e-06
465,asia,WMF,8e-06
465,asia,PE,9e-06
466,asia,MN,0.000267
466,asia,MW,8e-06
466,asia,MF,3.2e-05
466,asia,WMF,1.1e-05
466,asia,PE,1.5e-05
467,asia,MN,0.00037
467,asia,MW,9e-06
467,asia,MF,9e-06
467,asia,WMF,9e-06
467,asia,PE,1.3e-05
468,asia,MN,0.000364
468,asia,MW,1e-05
468,asia,MF,9e-06
468,asia,WMF,1e-05
468,asia,PE,1.5e-05
469,asia,MN,0.000422
469,asia,MW,1e-05
469,asia,MF,1e-05
469,asia,WMF,9e-06
469,asia,PE,1.5e-05
470,asia,MN,0.000291
470,asia,MW,9e-06
470,asia,MF,7e-06
470,asia,WMF,7e-06
470,asia,PE,8e-06
471,asia,MN,0.000365
471,asia,MW,9e-06
471,asia,MF,1e-05
471,asia,WMF,1.1e-05
471,asia,PE,8e-06
472,asia,MN,0.000365
472,asia,MW,8e-06
472,asia,MF,8e-06
472,asia,WMF,8e-06
472,asia,PE,7e-06
473,asia,MN,0.000251
473,asia,MW,7e-06
473,asia,MF,7e-06
473,asia,WMF,8e-06
473,asia,PE,7e-06
474,asia,MN,0.000253
474,asia,MW,6e-06
474,asia,MF,7e-06
474,asia,WMF,6e-06
474,asia,PE,8e-06
475,asia,MN,0.000251
475,asia,MW,8e-06
475,asia,MF,7e-06
475,asia,WMF,8e-06
475,asia,PE,8e-06
476,asia,MN,0.000243
476,asia,MW,7e-06
476,asia,MF,7e-06
476,asia,WMF,6e-06
476,asia,PE,7e-06
477,asia,MN,0.000249
477,asia,MW,8e-06
477,asia,MF,6e-06
477,asia,WMF,7e-06
477,asia,PE,6e-06
478,asia,MN,0.000256
478,asia,MW,7e-06
478,asia,MF,7e-06
478,asia,WMF,8e-06
478,asia,PE,6e-06
479,asia,MN,0.000247
479,asia,MW,7e-06
479,asia,MF,8e-06
479,asia,WMF,7e-06
479,asia,PE,9e-06
480,asia,MN,0.00027
480,asia,MW,3.1e-05
480,asia,MF,1.1e-05
480,asia,WMF,1e-05
480,asia,PE,2.3e-05
481,asia,MN,0.000553
481,asia,MW,1.3e-05
481,asia,MF,2.6e-05
481,asia,WMF,9e-06
481,asia,PE,2.5e-05
482,asia,MN,0.000386
482,asia,MW,1e-05
482,asia,MF,9e-06
482,asia,WMF,9e-06
482,asia,PE,1e-05
483,asia,MN,0.000345
483,asia,MW,1.1e-05
483,asia,MF,1e-05
483,asia,WMF,1e-05
483,asia,PE,9e-06
484,asia,MN,0.000284
484,asia,MW,8e-06
484,asia,MF,8e-06
484,asia,WMF,8e-06
484,asia,PE,8e-06
485,asia,MN,0.000285
485,asia,MW,7e-06
485,asia,MF,8e-06
485,asia,WMF,7e-06
485,asia,PE,8e-06
486,asia,MN,0.000279
486,asia,MW,1.4e-05
486,asia,MF,7e-06
486,asia,WMF,7e-06
486,asia,PE,7e-06
487,asia,MN,0.000243
487,asia,MW,8e-06
487,asia,MF,8e-06
487,asia,WMF,7e-06
487,asia,PE,7e-06
488,asia,MN,0.000245
488,asia,MW,7e-06
488,asia,MF,7e-06
488,asia,WMF,6e-06
488,asia,PE,7e-06
489,asia,MN,0.000258
489,asia,MW,8e-06
489,asia,MF,8e-06
489,asia,WMF,7e-06
489,asia,PE,8e-06
490,asia,MN,0.000252
490,asia,MW,8e-06
490,asia,MF,7e-06
490,asia,WMF,8e-06
490,asia,PE,7e-06
491,asia,MN,0.000247
491,asia,MW,7e-06
491,asia,MF,8e-06
491,asia,WMF,7e-06
491,asia,PE,7e-06
492,asia,MN,0.000243
492,asia,MW,7e-06
492,asia,MF,8e-06
492,asia,WMF,8e-06
492,asia,PE,8e-06
493,asia,MN,0.000261
493,asia,MW,7e-06
493,asia,MF,7e-06
493,asia,WMF,7e-06
493,asia,PE,9e-06
494,asia,MN,0.00026
494,asia,MW,7e-06
494,asia,MF,6e-06
494,asia,WMF,7e-06
494,asia,PE,7e-06
495,asia,MN,0.000378
495,asia,MW,1e-05
495,asia,MF,9e-06
495,asia,WMF,9e-06
495,asia,PE,1.8e-05
496,asia,MN,0.000365
496,asia,MW,1e-05
496,asia,MF,1.4e-05
496,asia,WMF,1e-05
496,asia,PE,1.1e-05
497,asia,MN,0.000346
497,asia,MW,1.1e-05
497,asia,MF,9e-06
497,asia,WMF,9e-06
497,asia,PE,1.1e-05
498,asia,MN,0.000295
498,asia,MW,9e-06
498,asia,MF,8e-06
498,asia,WMF,1.2e-05
498,asia,PE,8e-06
499,asia,MN,0.000284
499,asia,MW,8e-06
499,asia,MF,7e-06
499,asia,WMF,7e-06
499,asia,PE,1.5e-05
500,asia,MN,0.000267
500,asia,MW,6e-06
500,asia,MF,7e-06
500,asia,WMF,6e-06
500,asia,PE,7e-06
501,asia,MN,0.00026
501,asia,MW,7e-06
501,asia,MF,7e-06
501,asia,WMF,8e-06
501,asia,PE,8e-06
502,asia,MN,0.000261
502,asia,MW,1e-05
502,asia,MF,7e-06
502,asia,WMF,7e-06
502,asia,PE,9e-06
503,asia,MN,0.000251
503,asia,MW,8e-06
503,asia,MF,8e-06
503,asia,WMF,7e-06
503,asia,PE,7e-06
504,asia,MN,0.000255
504,asia,MW,8e-06
504,asia,MF,7e-06
504,asia,WMF,6e-06
504,asia,PE,6e-06
505,asia,MN,0.000257
505,asia,MW,7e-06
505,asia,MF,1.2e-05
505,asia,WMF,8e-06
505,asia,PE,7e-06
506,asia,MN,0.000256
506,asia,MW,8e-06
506,asia,MF,7e-06
506,asia,WMF,6e-06
506,asia,PE,7e-06
507,asia,MN,0.000245
507,asia,MW,7e-06
507,asia,MF,7e-06
507,asia,WMF,7e-06
507,asia,PE,7e-06
508,asia,MN,0.000274
508,asia,MW,7e-06
508,asia,MF,7e-06
508,asia,WMF,7e-06
508,asia,PE,7e-06
509,asia,MN,0.000256
509,asia,MW,7e-06
509,asia,MF,8e-06
509,asia,WMF,2.7e-05
509,asia,PE,1e-05
510,asia,MN,0.000274
510,asia,MW,1.3e-05
510,asia,MF,1.2e-05
510,asia,WMF,7e-06
510,asia,PE,1.6e-05
511,asia,MN,0.000274
511,asia,MW,7e-06
511,asia,MF,7e-06
511,asia,WMF,6e-06
511,asia,PE,1e-05
512,asia,MN,0.000262
512,asia,MW,7e-06
512,asia,MF,8e-06
512,asia,WMF,8e-06
512,asia,PE,7e-06
513,asia,MN,0.000353
513,asia,MW,7e-06
513,asia,MF,6e-06
513,asia,WMF,7e-06
513,asia,PE,8e-06
514,asia,MN,0.000242
514,asia,MW,8e-06
514,asia,MF,7e-06
514,asia,WMF,7e-06
514,asia,PE,8e-06
515,asia,MN,0.000242
515,asia,MW,8e-06
515,asia,MF,7e-06
515,asia,WMF,7e-06
515,asia,PE,6e-06
516,asia,MN,0.000262
516,asia,MW,7e-06
516,asia,MF,7e-06
516,asia,WMF,6e-06
516,asia,PE,7e-06
517,asia,MN,0.000257
517,asia,MW,8e-06
517,asia,MF,8e-06
517,asia,WMF,7e-06
517,asia,PE,8e-06
518,asia,MN,0.00026
518,asia,MW,8e-06
518,asia,MF,7e-06
518,asia,WMF,6e-06
518,asia,PE,7e-06
519,asia,MN,0.000256
519,asia,MW,8e-06
519,asia,MF,8e-06
519,asia,WMF,7e-06
519,asia,PE,7e-06
520,asia,MN,0.000256
520,asia,MW,7e-06
520,asia,MF,8e-06
520,asia,WMF,8e-06
520,asia,PE,8e-06
521,asia,MN,0.00025
521,asia,MW,7e-06
521,asia,MF,6e-06
521,asia,WMF,7e-06
521,asia,PE,8e-06
522,asia,MN,0.000242
522,asia,MW,7e-06
522,asia,MF,8e-06
522,asia,WMF,7e-06
522,asia,PE,7e-06
523,asia,MN,0.000281
523,asia,MW,7e-06
523,asia,MF,8e-06
523,asia,WMF,6e-06
523,asia,PE,8e-06
524,asia,MN,0.000243
524,asia,MW,7e-06
524,asia,MF,6e-06
524,asia,WMF,8e-06
524,asia,PE,8e-06
525,asia,MN,0.000323
525,asia,MW,7e-06
525,asia,MF,7e-06
525,asia,WMF,3.2e-05
525,asia,PE,1.7e-05
526,asia,MN,0.000395
526,asia,MW,1.1e-05
526,asia,MF,1e-05
526,asia,WMF,9e-06
526,asia,PE,1.3e-05
527,asia,MN,0.000358
527,asia,MW,1e-05
527,asia,MF,1e-05
527,asia,WMF,9e-06
527,asia,PE,1e-05
528,asia,MN,0.000352
528,asia,MW,1.1e-05
528,asia,MF,9e-06
528,asia,WMF,9e-06
528,asia,PE,1.1e-05
529,asia,MN,0.000386
529,asia,MW,1.1e-05
529,asia,MF,1e-05
529,asia,WMF,8e-06
529,asia,PE,1e-05
530,asia,MN,0.000367
530,asia,MW,1e-05
530,asia,MF,1.9e-05
530,asia,WMF,8e-06
530,asia,PE,9e-06
531,asia,MN,0.000293
531,asia,MW,9e-06
531,asia,MF,7e-06
531,asia,WMF,9e-06
531,asia,PE,8e-06
532,asia,MN,0.000284
532,asia,MW,8e-06
532,asia,MF,8e-06
532,asia,WMF,8e-06
532,asia,PE,8e-06
533,asia,MN,0.000291
533,asia,MW,8e-06
533,asia,MF,7e-06
533,asia,WMF,8e-06
533,asia,PE,8e-06
534,asia,MN,0.000239
534,asia,MW,8e-06
534,asia,MF,8e-06
534,asia,WMF,9e-06
534,asia,PE,6e-06
535,asia,MN,0.000226
535,asia,MW,7e-06
535,asia,MF,8e-06
535,asia,WMF,7e-06
535,asia,PE,6e-06
536,asia,MN,0.000231
536,asia,MW,7e-06
536,asia,MF,7e-06
536,asia,WMF,7e-06
536,asia,PE,7e-06
537,asia,MN,0.000233
537,asia,MW,8e-06
537,asia,MF,7e-06
537,asia,WMF,7e-06
537,asia,PE,7e-06
538,asia,MN,0.000233
538,asia,MW,7e-06
538,asia,MF,7e-06
538,asia,WMF,7e-06
538,asia,PE,6e-06
539,asia,MN,0.000234
539,asia,MW,8e-06
539,asia,MF,6e-06
539,asia,WMF,6e-06
539,asia,PE,7e-06
540,asia,MN,0.000313
540,asia,MW,7e-06
540,asia,MF,7e-06
540,asia,WMF,6e-06
540,asia,PE,8e-06
541,asia,MN,0.000249
541,asia,MW,8e-06
541,asia,MF,7e-06
541,asia,WMF,7e-06
541,asia,PE,8e-06
542,asia,MN,0.00026
542,asia,MW,8e-06
542,asia,MF,7e-06
542,asia,WMF,7e-06
542,asia,PE,8e-06
543,asia,MN,0.000248
543,asia,MW,8e-06
543,asia,MF,8e-06
543,asia,WMF,7e-06
543,asia,PE,7e-06
544,asia,MN,0.000231
544,asia,MW,7e-06
544,asia,MF,7e-06
544,asia,WMF,7e-06
544,asia,PE,1e-05
545,asia,MN,0.000277
545,asia,MW,8e-06
545,asia,MF,7e-06
545,asia,WMF,7e-06
545,asia,PE,6e-06
546,asia,MN,0.00024
546,asia,MW,7e-06
546,asia,MF,6e-06
546,asia,WMF,7e-06
546,asia,PE,7e-06
547,asia,MN,0.000228
547,asia,MW,7e-06
547,asia,MF,6e-06
547,asia,WMF,7e-06
547,asia,PE,6e-06
548,asia,MN,0.000225
548,asia,MW,8e-06
548,asia,MF,7e-06
548,asia,WMF,8e-06
548,asia,PE,7e-06
549,asia,MN,0.00023
549,asia,MW,7e-06
549,asia,MF,7e-06
549,asia,WMF,6e-06
549,asia,PE,6e-06
550,asia,MN,0.000242
550,asia,MW,7e-06
550,asia,MF,6e-06
550,asia,WMF,6e-06
550,asia,PE,6e-06
551,asia,MN,0.00023
551,asia,MW,7e-06
551,asia,MF,7e-06
551,asia,WMF,6e-06
551,asia,PE,6e-06
552,asia,MN,0.000235
552,asia,MW,7e-06
552,asia,MF,7e-06
552,asia,WMF,6e-06
552,asia,PE,7e-06
553,asia,MN,0.000234
553,asia,MW,8e-06
553,asia,MF,7e-06
553,asia,WMF,7e-06
553,asia,PE,6e-06
554,asia,MN,0.000232
554,asia,MW,7e-06
554,asia,MF,7e-06
554,asia,WMF,6e-06
554,asia,PE,6e-06
555,asia,MN,0.00024
555,asia,MW,7e-06
555,asia,MF,6e-06
555,asia,WMF,8e-06
555,asia,PE,7e-06
556,asia,MN,0.000239
556,asia,MW,8e-06
556,asia,MF,6e-06
556,asia,WMF,6e-06
556,asia,PE,6e-06
557,asia,MN,0.000234
557,asia,MW,7e-06
557,asia,MF,7e-06
557,asia,WMF,7e-06
557,asia,PE,6e-06
558,asia,MN,0.000232
558,asia,MW,8e-06
558,asia,MF,7e-06
558,asia,WMF,7e-06
558,asia,PE,7e-06
559,asia,MN,0.000229
559,asia,MW,7e-06
559,asia,MF,8e-06
559,asia,WMF,6e-06
559,asia,PE,6e-06
560,asia,MN,0.000227
560,asia,MW,2.7e-05
560,asia,MF,8e-06
560,asia,WMF,6e-06
560,asia,PE,7e-06
561,asia,MN,0.00033
561,asia,MW,7e-06
561,asia,MF,6e-06
561,asia,WMF,7e-06
561,asia,PE,1e-05
562,asia,MN,0.00027
562,asia,MW,6e-06
562,asia,MF,7e-06
562,asia,WMF,7e-06
562,asia,PE,1.2e-05
563,asia,MN,0.000375
563,asia,MW,8e-06
563,asia,MF,7e-06
563,asia,WMF,6e-06
563,asia,PE,7e-06
564,asia,MN,0.000273
564,asia,MW,7e-06
564,asia,MF,6e-06
564,asia,WMF,6e-06
564,asia,PE,8e-06
565,asia,MN,0.000241
565,asia,MW,8e-06
565,asia,MF,7e-06
565,asia,WMF,7e-06
565,asia,PE,8e-06
566,asia,MN,0.000296
566,asia,MW,9e-06
566,asia,MF,7e-06
566,asia,WMF,7e-06
566,asia,PE,1.3e-05
567,asia,MN,0.000224
567,asia,MW,7e-06
567,asia,MF,8e-06
567,asia,WMF,6e-06
567,asia,PE,7e-06
568,asia,MN,0.00024
568,asia,MW,8e-06
568,asia,MF,8e-06
568,asia,WMF,8e-06
568,asia,PE,1.9e-05
569,asia,MN,0.000329
569,asia,MW,8e-06
569,asia,MF,6e-06
569,asia,WMF,7e-06
569,asia,PE,8e-06
570,asia,MN,0.000291
570,asia,MW,8e-06
570,asia,MF,1.8e-05
570,asia,WMF,8e-06
570,asia,PE,1e-05
571,asia,MN,0.000306
571,asia,MW,1.7e-05
571,asia,MF,1.6e-05
571,asia,WMF,1.1e-05
571,asia,PE,8e-06
572,asia,MN,0.000288
572,asia,MW,1.7e-05
572,asia,MF,1.4e-05
572,asia,WMF,1e-05
572,asia,PE,1e-05
573,asia,MN,0.000233
573,asia,MW,7e-06
573,asia,MF,7e-06
573,asia,WMF,8e-06
573,asia,PE,7e-06
574,asia,MN,0.00028
574,asia,MW,8e-06
574,asia,MF,8e-06
574,asia,WMF,7e-06
574,asia,PE,6e-06
575,asia,MN,0.000238
575,asia,MW,7e-06
575,asia,MF,6e-06
575,asia,WMF,7e-06
575,asia,PE,7e-06
576,asia,MN,0.000237
576,asia,MW,6e-06
576,asia,MF,6e-06
576,asia,WMF,6e-06
576,asia,PE,8e-06
577,asia,MN,0.000261
577,asia,MW,1.5e-05
577,asia,MF,6e-06
577,asia,WMF,6e-06
577,asia,PE,9e-06
578,asia,MN,0.000242
578,asia,MW,7e-06
578,asia,MF,6e-06
578,asia,WMF,7e-06
578,asia,PE,6e-06
579,asia,MN,0.000378
579,asia,MW,1.1e-05
579,asia,MF,1e-05
579,asia,WMF,8e-06
579,asia,PE,1e-05
580,asia,MN,0.000379
580,asia,MW,1.1e-05
580,asia,MF,9e-06
580,asia,WMF,8e-06
580,asia,PE,1.2e-05
581,asia,MN,0.000349
581,asia,MW,1e-05
581,asia,MF,9e-06
581,asia,WMF,9e-06
581,asia,PE,1e-05
582,asia,MN,0.000317
582,asia,MW,1e-05
582,asia,MF,9e-06
582,asia,WMF,9e-06
582,asia,PE,9e-06
583,asia,MN,0.000311
583,asia,MW,1e-05
583,asia,MF,9e-06
583,asia,WMF,9e-06
583,asia,PE,1e-05
584,asia,MN,0.000259
584,asia,MW,9e-06
584,asia,MF,7e-06
584,asia,WMF,8e-06
584,asia,PE,7e-06
585,asia,MN,0.000263
585,asia,MW,8e-06
585,asia,MF,8e-06
585,asia,WMF,8e-06
585,asia,PE,8e-06
586,asia,MN,0.000263
586,asia,MW,9e-06
586,asia,MF,1e-05
586,asia,WMF,1.2e-05
586,asia,PE,8e-06
587,asia,MN,0.000298
587,asia,MW,9e-06
587,asia,MF,8e-06
587,asia,WMF,8e-06
587,asia,PE,1e-05
588,asia,MN,0.000248
588,asia,MW,8e-06
588,asia,MF,8e-06
588,asia,WMF,7e-06
588,asia,PE,7e-06
589,asia,MN,0.000237
589,asia,MW,8e-06
589,asia,MF,8e-06
589,asia,WMF,7e-06
589,asia,PE,6e-06
590,asia,MN,0.00024
590,asia,MW,7e-06
590,asia,MF,7e-06
590,asia,WMF,6e-06
590,asia,PE,7e-06
591,asia,MN,0.000238
591,asia,MW,7e-06
591,asia,MF,7e-06
591,asia,WMF,7e-06
591,asia,PE,7e-06
592,asia,MN,0.000241
592,asia,MW,8e-06
592,asia,MF,7e-06
592,asia,WMF,7e-06
592,asia,PE,6e-06
593,asia,MN,0.000226
593,asia,MW,8e-06
593,asia,MF,7e-06
593,asia,WMF,8e-06
593,asia,PE,6e-06
594,asia,MN,0.000238
594,asia,MW,7e-06
594,asia,MF,7e-06
594,asia,WMF,7e-06
594,asia,PE,7e-06
595,asia,MN,0.000246
595,asia,MW,8e-06
595,asia,MF,6e-06
595,asia,WMF,7e-06
595,asia,PE,7e-06
596,asia,MN,0.000236
596,asia,MW,7e-06
596,asia,MF,7e-06
596,asia,WMF,6e-06
596,asia,PE,6e-06
597,asia,MN,0.000245
597,asia,MW,2.6e-05
597,asia,MF,1.2e-05
597,asia,WMF,1.9e-05
597,asia,PE,2.3e-05
598,asia,MN,0.000341
598,asia,MW,1e-05
598,asia,MF,9e-06
598,asia,WMF,8e-06
598,asia,PE,1.1e-05
599,asia,MN,0.000343
599,asia,MW,1e-05
599,asia,MF,9e-06
599,asia,WMF,1e-05
599,asia,PE,1.1e-05
600,asia,MN,0.000303
600,asia,MW,1e-05
600,asia,MF,1e-05
600,asia,WMF,9e-06
600,asia,PE,9e-06
601,asia,MN,0.000318
601,asia,MW,1e-05
601,asia,MF,1e-05
601,asia,WMF,1e-05
601,asia,PE,1e-05
602,asia,MN,0.000316
602,asia,MW,1e-05
602,asia,MF,9e-06
602,asia,WMF,9e-06
602,asia,PE,1e-05
603,asia,MN,0.000317
603,asia,MW,1e-05
603,asia,MF,9e-06
603,asia,WMF,8e-06
603,asia,PE,1.7e-05
604,asia,MN,0.000279
604,asia,MW,8e-06
604,asia,MF,8e-06
604,asia,WMF,8e-06
604,asia,PE,8e-06
605,asia,MN,0.000281
605,asia,MW,8e-06
605,asia,MF,7e-06
605,asia,WMF,8e-06
605,asia,PE,7e-06
606,asia,MN,0.000235
606,asia,MW,8e-06
606,asia,MF,7e-06
606,asia,WMF,6e-06
606,asia,PE,8e-06
607,asia,MN,0.000247
607,asia,MW,7e-06
607,asia,MF,7e-06
607,asia,WMF,6e-06
607,asia,PE,7e-06
608,asia,MN,0.000234
608,asia,MW,7e-06
608,asia,MF,7e-06
608,asia,WMF,7e-06
608,asia,PE,6e-06
609,asia,MN,0.00024
609,asia,MW,7e-06
609,asia,MF,6e-06
609,asia,WMF,7e-06
609,asia,PE,7e-06
610,asia,MN,0.000224
610,asia,MW,8e-06
610,asia,MF,7e-06
610,asia,WMF,7e-06
610,asia,PE,7e-06
611,asia,MN,0.000237
611,asia,MW,7e-06
611,asia,MF,7e-06
611,asia,WMF,6e-06
611,asia,PE,1.9e-05
612,asia,MN,0.000233
612,asia,MW,6e-06
612,asia,MF,7e-06
612,asia,WMF,6e-06
612,asia,PE,6e-06
613,asia,MN,0.000226
613,asia,MW,8e-06
613,asia,MF,7e-06
613,asia,WMF,7e-06
613,asia,PE,7e-06
614,asia,MN,0.000235
614,asia,MW,8e-06
614,asia,MF,7e-06
614,asia,WMF,8e-06
614,asia,PE,7e-06
615,asia,MN,0.000235
615,asia,MW,2.7e-05
615,asia,MF,1.9e-05
615,asia,WMF,1.3e-05
615,asia,PE,1.3e-05
616,asia,MN,0.000345
616,asia,MW,1e-05
616,asia,MF,1.1e-05
616,asia,WMF,1e-05
616,asia,PE,1.2e-05
617,asia,MN,0.000345
617,asia,MW,1e-05
617,asia,MF,9e-06
617,asia,WMF,1e-05
617,asia,PE,1e-05
618,asia,MN,0.000315
618,asia,MW,9e-06
618,asia,MF,9e-06
618,asia,WMF,1e-05
618,asia,PE,1e-05
619,asia,MN,0.000362
619,asia,MW,1.1e-05
619,asia,MF,1e-05
619,asia,WMF,1e-05
619,asia,PE,1e-05
620,asia,MN,0.000321
620,asia,MW,8e-06
620,asia,MF,8e-06
620,asia,WMF,8e-06
620,asia,PE,8e-06
621,asia,MN,0.000263
621,asia,MW,9e-06
621,asia,MF,7e-06
621,asia,WMF,8e-06
621,asia,PE,9e-06
622,asia,MN,0.000266
622,asia,MW,9e-06
622,asia,MF,7e-06
622,asia,WMF,8e-06
622,asia,PE,8e-06
623,asia,MN,0.000262
623,asia,MW,7e-06
623,asia,MF,8e-06
623,asia,WMF,7e-06
623,asia,PE,7e-06
624,asia,MN,0.000275
624,asia,MW,6e-06
624,asia,MF,6e-06
624,asia,WMF,6e-06
624,asia,PE,6e-06
625,asia,MN,0.000236
625,asia,MW,8e-06
625,asia,MF,8e-06
625,asia,WMF,7e-06
625,asia,PE,8e-06
626,asia,MN,0.00024
626,asia,MW,8e-06
626,asia,MF,7e-06
626,asia,WMF,8e-06
626,asia,PE,6e-06
627,asia,MN,0.000237
627,asia,MW,7e-06
627,asia,MF,6e-06
627,asia,WMF,6e-06
627,asia,PE,8e-06
628,asia,MN,0.000275
628,asia,MW,7e-06
628,asia,MF,6e-06
628,asia,WMF,6e-06
628,asia,PE,6e-06
629,asia,MN,0.000234
629,asia,MW,8e-06
629,asia,MF,7e-06
629,asia,WMF,7e-06
629,asia,PE,7e-06
630,asia,MN,0.000233
630,asia,MW,7e-06
630,asia,MF,7e-06
630,asia,WMF,7e-06
630,asia,PE,6e-06
631,asia,MN,0.000238
631,asia,MW,8e-06
631,asia,MF,7e-06
631,asia,WMF,6e-06
631,asia,PE,7e-06
632,asia,MN,0.000227
632,asia,MW,8e-06
632,asia,MF,8e-06
632,asia,WMF,7e-06
632,asia,PE,7e-06
633,asia,MN,0.000243
633,asia,MW,3.6e-05
633,asia,MF,2.5e-05
633,asia,WMF,8e-06
633,asia,PE,9e-06
634,asia,MN,0.000273
634,asia,MW,8e-06
634,asia,MF,6e-06
634,asia,WMF,7e-06
634,asia,PE,8e-06
635,asia,MN,0.000266
635,asia,MW,8e-06
635,asia,MF,7e-06
635,asia,WMF,7e-06
635,asia,PE,8e-06
636,asia,MN,0.000267
636,asia,MW,8e-06
636,asia,MF,7e-06
636,asia,WMF,7e-06
636,asia,PE,8e-06
637,asia,MN,0.000234
637,asia,MW,6e-06
637,asia,MF,7e-06
637,asia,WMF,7e-06
637,asia,PE,8e-06
638,asia,MN,0.000236
638,asia,MW,8e-06
638,asia,MF,6e-06
638,asia,WMF,7e-06
638,asia,PE,7e-06
639,asia,MN,0.00024
639,asia,MW,7e-06
639,asia,MF,7e-06
639,asia,WMF,6e-06
639,asia,PE,7e-06
640,asia,MN,0.000237
640,asia,MW,8e-06
640,asia,MF,7e-06
640,asia,WMF,6e-06
640,asia,PE,7e-06
641,asia,MN,0.000234
641,asia,MW,6e-06
641,asia,MF,8e-06
641,asia,WMF,8e-06
641,asia,PE,6e-06
642,asia,MN,0.000253
642,asia,MW,7e-06
642,asia,MF,7e-06
642,asia,WMF,6e-06
642,asia,PE,7e-06
643,asia,MN,0.000236
643,asia,MW,8e-06
643,asia,MF,7e-06
643,asia,WMF,8e-06
643,asia,PE,8e-06
644,asia,MN,0.000239
644,asia,MW,7e-06
644,asia,MF,6e-06
644,asia,WMF,8e-06
644,asia,PE,7e-06
645,asia,MN,0.000236
645,asia,MW,7e-06
645,asia,MF,6e-06
645,asia,WMF,6e-06
645,asia,PE,8e-06
646,asia,MN,0.000243
646,asia,MW,7e-06
646,asia,MF,6e-06
646,asia,WMF,6e-06
646,asia,PE,7e-06
647,asia,MN,0.000223
647,asia,MW,7e-06
647,asia,MF,8e-06
647,asia,WMF,7e-06
647,asia,PE,8e-06
648,asia,MN,0.000232
648,asia,MW,8e-06
648,asia,MF,7e-06
648,asia,WMF,7e-06
648,asia,PE,7e-06
649,asia,MN,0.00028
649,asia,MW,7e-06
649,asia,MF,7e-06
649,asia,WMF,6e-06
649,asia,PE,7e-06
650,asia,MN,0.000236
650,asia,MW,8e-06
650,asia,MF,7e-06
650,asia,WMF,8e-06
650,asia,PE,7e-06
651,asia,MN,0.000236
651,asia,MW,7e-06
651,asia,MF,7e-06
651,asia,WMF,6e-06
651,asia,PE,7e-06
652,asia,MN,0.000235
652,asia,MW,6e-06
652,asia,MF,6e-06
652,asia,WMF,7e-06
652,asia,PE,7e-06
653,asia,MN,0.00024
653,asia,MW,2.5e-05
653,asia,MF,1e-05
653,asia,WMF,8e-06
653,asia,PE,8e-06
654,asia,MN,0.000267
654,asia,MW,7e-06
654,asia,MF,8e-06
654,asia,WMF,7e-06
654,asia,PE,7e-06
655,asia,MN,0.000257
655,asia,MW,8e-06
655,asia,MF,8e-06
655,asia,WMF,8e-06
655,asia,PE,8e-06
656,asia,MN,0.000253
656,asia,MW,7e-06
656,asia,MF,6e-06
656,asia,WMF,6e-06
656,asia,PE,7e-06
657,asia,MN,0.000242
657,asia,MW,8e-06
657,asia,MF,7e-06
657,asia,WMF,8e-06
657,asia,PE,6e-06
658,asia,MN,0.000225
658,asia,MW,7e-06
658,asia,MF,7e-06
658,asia,WMF,7e-06
658,asia,PE,1.1e-05
659,asia,MN,0.000236
659,asia,MW,8e-06
659,asia,MF,7e-06
659,asia,WMF,8e-06
659,asia,PE,6e-06
660,asia,MN,0.000241
660,asia,MW,7e-06
660,asia,MF,6e-06
660,asia,WMF,6e-06
660,asia,PE,7e-06
661,asia,MN,0.000239
661,asia,MW,7e-06
661,asia,MF,6e-06
661,asia,WMF,6e-06
661,asia,PE,8e-06
662,asia,MN,0.000247
662,asia,MW,8e-06
662,asia,MF,8e-06
662,asia,WMF,7e-06
662,asia,PE,7e-06
663,asia,MN,0.000227
663,asia,MW,7e-06
663,asia,MF,7e-06
663,asia,WMF,6e-06
663,asia,PE,6e-06
664,asia,MN,0.000279
664,asia,MW,8e-06
664,asia,MF,7e-06
664,asia,WMF,7e-06
664,asia,PE,7e-06
665,asia,MN,0.00024
665,asia,MW,7e-06
665,asia,MF,6e-06
665,asia,WMF,7e-06
665,asia,PE,7e-06
666,asia,MN,0.000236
666,asia,MW,7e-06
666,asia,MF,6e-06
666,asia,WMF,6e-06
666,asia,PE,6e-06
667,asia,MN,0.00024
667,asia,MW,6e-06
667,asia,MF,7e-06
667,asia,WMF,7e-06
667,asia,PE,7e-06
668,asia,MN,0.000224
668,asia,MW,6e-06
668,asia,MF,6e-06
668,asia,WMF,8e-06
668,asia,PE,6e-06
669,asia,MN,0.000238
669,asia,MW,7e-06
669,asia,MF,6e-06
669,asia,WMF,6e-06
669,asia,PE,8e-06
670,asia,MN,0.000243
670,asia,MW,8e-06
670,asia,MF,7e-06
670,asia,WMF,8e-06
670,asia,PE,6e-06
671,asia,MN,0.000247
671,asia,MW,8e-06
671,asia,MF,8e-06
671,asia,WMF,7e-06
671,asia,PE,7e-06
672,asia,MN,0.000229
672,asia,MW,8e-06
672,asia,MF,8e-06
672,asia,WMF,7e-06
672,asia,PE,7e-06
673,asia,MN,0.00023
673,asia,MW,8e-06
673,asia,MF,7e-06
673,asia,WMF,6e-06
673,asia,PE,1.5e-05
674,asia,MN,0.000335
674,asia,MW,8e-06
674,asia,MF,8e-06
674,asia,WMF,7e-06
674,asia,PE,8e-06
675,asia,MN,0.000287
675,asia,MW,7e-06
675,asia,MF,8e-06
675,asia,WMF,8e-06
675,asia,PE,1.3e-05
676,asia,MN,0.000262
676,asia,MW,9e-06
676,asia,MF,7e-06
676,asia,WMF,7e-06
676,asia,PE,8e-06
677,asia,MN,0.000244
677,asia,MW,9e-06
677,asia,MF,6e-06
677,asia,WMF,8e-06
677,asia,PE,6e-06
678,asia,MN,0.000242
678,asia,MW,7e-06
678,asia,MF,7e-06
678,asia,WMF,1e-05
678,asia,PE,6e-06
679,asia,MN,0.000236
679,asia,MW,7e-06
679,asia,MF,7e-06
679,asia,WMF,8e-06
679,asia,PE,7e-06
680,asia,MN,0.000235
680,asia,MW,8e-06
680,asia,MF,7e-06
680,asia,WMF,7e-06
680,asia,PE,7e-06
681,asia,MN,0.000233
681,asia,MW,8e-06
681,asia,MF,6e-06
681,asia,WMF,6e-06
681,asia,PE,1.2e-05
682,asia,MN,0.000249
682,asia,MW,7e-06
682,asia,MF,7e-06
682,asia,WMF,6e-06
682,asia,PE,6e-06
683,asia,MN,0.000236
683,asia,MW,7e-06
683,asia,MF,6e-06
683,asia,WMF,8e-06
683,asia,PE,7e-06
684,asia,MN,0.000252
684,asia,MW,8e-06
684,asia,MF,8e-06
684,asia,WMF,7e-06
684,asia,PE,7e-06
685,asia,MN,0.000237
685,asia,MW,8e-06
685,asia,MF,7e-06
685,asia,WMF,7e-06
685,asia,PE,7e-06
686,asia,MN,0.000234
686,asia,MW,1.3e-05
686,asia,MF,8e-06
686,asia,WMF,8e-06
686,asia,PE,8e-06
687,asia,MN,0.00023
687,asia,MW,7e-06
687,asia,MF,7e-06
687,asia,WMF,6e-06
687,asia,PE,7e-06
688,asia,MN,0.000237
688,asia,MW,6e-06
688,asia,MF,6e-06
688,asia,WMF,6e-06
688,asia,PE,8e-06
689,asia,MN,0.000237
689,asia,MW,7e-06
689,asia,MF,7e-06
689,asia,WMF,7e-06
689,asia,PE,7e-06
690,asia,MN,0.00024
690,asia,MW,7e-06
690,asia,MF,7e-06
690,asia,WMF,6e-06
690,asia,PE,7e-06
691,asia,MN,0.000236
691,asia,MW,7e-06
691,asia,MF,7e-06
691,asia,WMF,7e-06
691,asia,PE,6e-06
692,asia,MN,0.000223
692,asia,MW,8e-06
692,asia,MF,7e-06
692,asia,WMF,6e-06
692,asia,PE,6e-06
693,asia,MN,0.000223
693,asia,MW,7e-06
693,asia,MF,8e-06
693,asia,WMF,8e-06
693,asia,PE,6e-06
694,asia,MN,0.000547
694,asia,MW,1.1e-05
694,asia,MF,1e-05
694,asia,WMF,1e-05
694,asia,PE,1.3e-05
695,asia,MN,0.000356
695,asia,MW,1.2e-05
695,asia,MF,1.1e-05
695,asia,WMF,1e-05
695,asia,PE,1.1e-05
696,asia,MN,0.000329
696,asia,MW,1e-05
696,asia,MF,1e-05
696,asia,WMF,1e-05
696,asia,PE,1e-05
697,asia,MN,0.000317
697,asia,MW,9e-06
697,asia,MF,1e-05
697,asia,WMF,9e-06
697,asia,PE,9e-06
698,asia,MN,0.000303
698,asia,MW,1e-05
698,asia,MF,9e-06
698,asia,WMF,1e-05
698,asia,PE,8e-06
699,asia,MN,0.000322
699,asia,MW,1e-05
699,asia,MF,9e-06
699,asia,WMF,8e-06
699,asia,PE,9e-06
700,asia,MN,0.000314
700,asia,MW,1e-05
700,asia,MF,9e-06
700,asia,WMF,1e-05
700,asia,PE,1e-05
701,asia,MN,0.00029
701,asia,MW,9e-06
701,asia,MF,8e-06
701,asia,WMF,8e-06
701,asia,PE,9e-06
702,asia,MN,0.000262
702,asia,MW,8e-06
702,asia,MF,8e-06
702,asia,WMF,7e-06
702,asia,PE,7e-06
703,asia,MN,0.000263
703,asia,MW,9e-06
703,asia,MF,7e-06
703,asia,WMF,8e-06
703,asia,PE,8e-06
704,asia,MN,0.000253
704,asia,MW,9e-06
704,asia,MF,8e-06
704,asia,WMF,7e-06
704,asia,PE,8e-06
705,asia,MN,0.000266
705,asia,MW,8e-06
705,asia,MF,8e-06
705,asia,WMF,7e-06
705,asia,PE,7e-06
706,asia,MN,0.000243
706,asia,MW,8e-06
706,asia,MF,8e-06
706,asia,WMF,6e-06
706,asia,PE,7e-06
707,asia,MN,0.00024
707,asia,MW,7e-06
707,asia,MF,8e-06
707,asia,WMF,8e-06
707,asia,PE,7e-06
708,asia,MN,0.000234
708,asia,MW,7e-06
708,asia,MF,6e-06
708,asia,WMF,7e-06
708,asia,PE,7e-06
709,asia,MN,0.000236
709,asia,MW,8e-06
709,asia,MF,8e-06
709,asia,WMF,8e-06
709,asia,PE,6e-06
710,asia,MN,0.00023
710,asia,MW,7e-06
710,asia,MF,6e-06
710,asia,WMF,7e-06
710,asia,PE,7e-06
711,asia,MN,0.000389
711,asia,MW,1.3e-05
711,asia,MF,1.1e-05
711,asia,WMF,1e-05
711,asia,PE,1.3e-05
712,asia,MN,0.000361
712,asia,MW,1e-05
712,asia,MF,9e-06
712,asia,WMF,8e-06
712,asia,PE,1.1e-05
713,asia,MN,0.000435
713,asia,MW,2.1e-05
713,asia,MF,9e-06
713,asia,WMF,9e-06
713,asia,PE,8e-06
714,asia,MN,0.000307
714,asia,MW,1e-05
714,asia,MF,1e-05
714,asia,WMF,2.1e-05
714,asia,PE,1.2e-05
715,asia,MN,0.000322
715,asia,MW,1e-05
715,asia,MF,9e-06
715,asia,WMF,9e-06
715,asia,PE,8e-06
716,asia,MN,0.000304
716,asia,MW,1e-05
716,asia,MF,9e-06
716,asia,WMF,1e-05
716,asia,PE,8e-06
717,asia,MN,0.000279
717,asia,MW,8e-06
717,asia,MF,7e-06
717,asia,WMF,9e-06
717,asia,PE,7e-06
718,asia,MN,0.000262
718,asia,MW,8e-06
718,asia,MF,7e-06
718,asia,WMF,9e-06
718,asia,PE,8e-06
719,asia,MN,0.000266
719,asia,MW,8e-06
719,asia,MF,8e-06
719,asia,WMF,8e-06
719,asia,PE,8e-06
720,asia,MN,0.000237
720,asia,MW,8e-06
720,asia,MF,7e-06
720,asia,WMF,7e-06
720,asia,PE,6e-06
721,asia,MN,0.00024
721,asia,MW,8e-06
721,asia,MF,7e-06
721,asia,WMF,7e-06
721,asia,PE,7e-06
722,asia,MN,0.000238
722,asia,MW,8e-06
722,asia,MF,7e-06
722,asia,WMF,8e-06
722,asia,PE,7e-06
723,asia,MN,0.000238
723,asia,MW,8e-06
723,asia,MF,7e-06
723,asia,WMF,7e-06
723,asia,PE,6e-06
724,asia,MN,0.00024
724,asia,MW,8e-06
724,asia,MF,7e-06
724,asia,WMF,7e-06
724,asia,PE,6e-06
725,asia,MN,0.000231
725,asia,MW,8e-06
725,asia,MF,7e-06
725,asia,WMF,6e-06
725,asia,PE,7e-06
726,asia,MN,0.000239
726,asia,MW,8e-06
726,asia,MF,7e-06
726,asia,WMF,6e-06
726,asia,PE,8e-06
727,asia,MN,0.00024
727,asia,MW,7e-06
727,asia,MF,6e-06
727,asia,WMF,6e-06
727,asia,PE,1.1e-05
728,asia,MN,0.000234
728,asia,MW,8e-06
728,asia,MF,6e-06
728,asia,WMF,7e-06
728,asia,PE,6e-06
729,asia,MN,0.000412
729,asia,MW,1.2e-05
729,asia,MF,9e-06
729,asia,WMF,1e-05
729,asia,PE,4.4e-05
730,asia,MN,0.000348
730,asia,MW,1.1e-05
730,asia,MF,1.1e-05
730,asia,WMF,1e-05
730,asia,PE,1.2e-05
731,asia,MN,0.000364
731,asia,MW,1e-05
731,asia,MF,9e-06
731,asia,WMF,9e-06
731,asia,PE,9e-06
732,asia,MN,0.000326
732,asia,MW,1e-05
732,asia,MF,9e-06
732,asia,WMF,1e-05
732,asia,PE,1e-05
733,asia,MN,0.000305
733,asia,MW,1.1e-05
733,asia,MF,9e-06
733,asia,WMF,8e-06
733,asia,PE,8e-06
734,asia,MN,0.00026
734,asia,MW,8e-06
734,asia,MF,8e-06
734,asia,WMF,7e-06
734,asia,PE,7e-06
735,asia,MN,0.000251
735,asia,MW,9e-06
735,asia,MF,8e-06
735,asia,WMF,7e-06
735,asia,PE,7e-06
736,asia,MN,0.000264
736,asia,MW,8e-06
736,asia,MF,8e-06
736,asia,WMF,7e-06
736,asia,PE,7e-06
737,asia,MN,0.000337
737,asia,MW,9e-06
737,asia,MF,8e-06
737,asia,WMF,1.8e-05
737,asia,PE,9e-06
738,asia,MN,0.00026
738,asia,MW,9e-06
738,asia,MF,8e-06
738,asia,WMF,8e-06
738,asia,PE,8e-06
739,asia,MN,0.000235
739,asia,MW,7e-06
739,asia,MF,7e-06
739,asia,WMF,7e-06
739,asia,PE,8e-06
740,asia,MN,0.000228
740,asia,MW,6e-06
740,asia,MF,7e-06
740,asia,WMF,6e-06
740,asia,PE,8e-06
741,asia,MN,0.000229
741,asia,MW,6e-06
741,asia,MF,7e-06
741,asia,WMF,7e-06
741,asia,PE,6e-06
742,asia,MN,0.000234
742,asia,MW,7e-06
742,asia,MF,7e-06
742,asia,WMF,6e-06
742,asia,PE,6e-06
743,asia,MN,0.000222
743,asia,MW,7e-06
743,asia,MF,6e-06
743,asia,WMF,7e-06
743,asia,PE,7e-06
744,asia,MN,0.000221
744,asia,MW,8e-06
744,asia,MF,6e-06
744,asia,WMF,6e-06
744,asia,PE,7e-06
745,asia,MN,0.000237
745,asia,MW,7e-06
745,asia,MF,7e-06
745,asia,WMF,6e-06
745,asia,PE,6e-06
746,asia,MN,0.000235
746,asia,MW,8e-06
746,asia,MF,7e-06
746,asia,WMF,6e-06
746,asia,PE,6e-06
747,asia,MN,0.000415
747,asia,MW,1e-05
747,asia,MF,1e-05
747,asia,WMF,1e-05
747,asia,PE,1.3e-05
748,asia,MN,0.000342
748,asia,MW,1.1e-05
748,asia,MF,1e-05
748,asia,WMF,1.6e-05
748,asia,PE,1.2e-05
749,asia,MN,0.000406
749,asia,MW,1.1e-05
749,asia,MF,9e-06
749,asia,WMF,9e-06
749,asia,PE,1e-05
750,asia,MN,0.000317
750,asia,MW,1e-05
750,asia,MF,9e-06
750,asia,WMF,1e-05
750,asia,PE,9e-06
751,asia,MN,0.000303
751,asia,MW,9e-06
751,asia,MF,9e-06
751,asia,WMF,1e-05
751,asia,PE,8e-06
752,asia,MN,0.00026
752,asia,MW,7e-06
752,asia,MF,8e-06
752,asia,WMF,8e-06
752,asia,PE,7e-06
753,asia,MN,0.000264
753,asia,MW,9e-06
753,asia,MF,7e-06
753,asia,WMF,8e-06
753,asia,PE,9e-06
754,asia,MN,0.000281
754,asia,MW,9e-06
754,asia,MF,9e-06
754,asia,WMF,8e-06
754,asia,PE,8e-06
755,asia,MN,0.000268
755,asia,MW,8e-06
755,asia,MF,9e-06
755,asia,WMF,1.4e-05
755,asia,PE,8e-06
756,asia,MN,0.00024
756,asia,MW,8e-06
756,asia,MF,7e-06
756,asia,WMF,8e-06
756,asia,PE,7e-06
757,asia,MN,0.000238
757,asia,MW,8e-06
757,asia,MF,8e-06
757,asia,WMF,1.4e-05
757,asia,PE,7e-06
758,asia,MN,0.000235
758,asia,MW,8e-06
758,asia,MF,7e-06
758,asia,WMF,7e-06
758,asia,PE,7e-06
759,asia,MN,0.000234
759,asia,MW,8e-06
759,asia,MF,7e-06
759,asia,WMF,6e-06
759,asia,PE,7e-06
760,asia,MN,0.000221
760,asia,MW,8e-06
760,asia,MF,8e-06
760,asia,WMF,7e-06
760,asia,PE,7e-06
761,asia,MN,0.000241
761,asia,MW,7e-06
761,asia,MF,6e-06
761,asia,WMF,1.4e-05
761,asia,PE,9e-06
762,asia,MN,0.000247
762,asia,MW,7e-06
762,asia,MF,8e-06
762,asia,WMF,7e-06
762,asia,PE,6e-06
763,asia,MN,0.000244
763,asia,MW,8e-06
763,asia,MF,6e-06
763,asia,WMF,6e-06
763,asia,PE,6e-06
764,asia,MN,0.000268
764,asia,MW,8e-06
764,asia,MF,7e-06
764,asia,WMF,6e-06
764,asia,PE,7e-06
765,asia,MN,0.000238
765,asia,MW,2.7e-05
765,asia,MF,1.1e-05
765,asia,WMF,1e-05
765,asia,PE,1.2e-05
766,asia,MN,0.000349
766,asia,MW,9e-06
766,asia,MF,1e-05
766,asia,WMF,9e-06
766,asia,PE,1.1e-05
767,asia,MN,0.00043
767,asia,MW,1e-05
767,asia,MF,9e-06
767,asia,WMF,1e-05
767,asia,PE,9e-06
768,asia,MN,0.000323
768,asia,MW,9e-06
768,asia,MF,8e-06
768,asia,WMF,8e-06
768,asia,PE,9e-06
769,asia,MN,0.000264
769,asia,MW,9e-06
769,asia,MF,8e-06
769,asia,WMF,8e-06
769,asia,PE,7e-06
770,asia,MN,0.00025
770,asia,MW,8e-06
770,asia,MF,7e-06
770,asia,WMF,7e-06
770,asia,PE,7e-06
771,asia,MN,0.000236
771,asia,MW,8e-06
771,asia,MF,7e-06
771,asia,WMF,6e-06
771,asia,PE,6e-06
772,asia,MN,0.000236
772,asia,MW,8e-06
772,asia,MF,6e-06
772,asia,WMF,8e-06
772,asia,PE,6e-06
773,asia,MN,0.000242
773,asia,MW,8e-06
773,asia,MF,8e-06
773,asia,WMF,6e-06
773,asia,PE,6e-06
774,asia,MN,0.000235
774,asia,MW,8e-06
774,asia,MF,6e-06
774,asia,WMF,6e-06
774,asia,PE,7e-06
775,asia,MN,0.000238
775,asia,MW,8e-06
775,asia,MF,7e-06
775,asia,WMF,8e-06
775,asia,PE,6e-06
776,asia,MN,0.000237
776,asia,MW,8e-06
776,asia,MF,7e-06
776,asia,WMF,7e-06
776,asia,PE,7e-06
777,asia,MN,0.000231
777,asia,MW,7e-06
777,asia,MF,6e-06
777,asia,WMF,6e-06
777,asia,PE,6e-06
778,asia,MN,0.000232
778,asia,MW,7e-06
778,asia,MF,7e-06
778,asia,WMF,6e-06
778,asia,PE,7e-06
779,asia,MN,0.00029
779,asia,MW,8e-06
779,asia,MF,1.3e-05
779,asia,WMF,1.1e-05
779,asia,PE,1.1e-05
780,asia,MN,0.000276
780,asia,MW,8e-06
780,asia,MF,6e-06
780,asia,WMF,6e-06
780,asia,PE,8e-06
781,asia,MN,0.000246
781,asia,MW,8e-06
781,asia,MF,7e-06
781,asia,WMF,1.1e-05
781,asia,PE,1.1e-05
782,asia,MN,0.000289
782,asia,MW,1.1e-05
782,asia,MF,8e-06
782,asia,WMF,7e-06
782,asia,PE,9e-06
783,asia,MN,0.000247
783,asia,MW,8e-06
783,asia,MF,2.8e-05
783,asia,WMF,9e-06
783,asia,PE,1.5e-05
784,asia,MN,0.000362
784,asia,MW,1.3e-05
784,asia,MF,1.2e-05
784,asia,WMF,8e-06
784,asia,PE,1.3e-05
785,asia,MN,0.000281
785,asia,MW,7e-06
785,asia,MF,1.1e-05
785,asia,WMF,1e-05
785,asia,PE,2.2e-05
786,asia,MN,0.000258
786,asia,MW,8e-06
786,asia,MF,6e-06
786,asia,WMF,8e-06
786,asia,PE,7e-06
787,asia,MN,0.000248
787,asia,MW,1.2e-05
787,asia,MF,9e-06
787,asia,WMF,1.3e-05
787,asia,PE,1e-05
788,asia,MN,0.00025
788,asia,MW,7e-06
788,asia,MF,6e-06
788,asia,WMF,6e-06
788,asia,PE,7e-06
789,asia,MN,0.000234
789,asia,MW,7e-06
789,asia,MF,6e-06
789,asia,WMF,6e-06
789,asia,PE,7e-06
790,asia,MN,0.000238
790,asia,MW,8e-06
790,asia,MF,7e-06
790,asia,WMF,6e-06
790,asia,PE,1.1e-05
791,asia,MN,0.000296
791,asia,MW,1.5e-05
791,asia,MF,1e-05
791,asia,WMF,1.4e-05
791,asia,PE,9e-06
792,asia,MN,0.000338
792,asia,MW,1.6e-05
792,asia,MF,1.5e-05
792,asia,WMF,1.3e-05
792,asia,PE,8e-06
793,asia,MN,0.000316
793,asia,MW,1e-05
793,asia,MF,2.2e-05
793,asia,WMF,1.4e-05
793,asia,PE,1e-05
794,asia,MN,0.000304
794,asia,MW,1.4e-05
794,asia,MF,1.2e-05
794,asia,WMF,1e-05
794,asia,PE,8e-06
795,asia,MN,0.000239
795,asia,MW,6e-06
795,asia,MF,6e-06
795,asia,WMF,6e-06
795,asia,PE,7e-06
796,asia,MN,0.000225
796,asia,MW,8e-06
796,asia,MF,7e-06
796,asia,WMF,8e-06
796,asia,PE,1.2e-05
797,asia,MN,0.000253
797,asia,MW,7e-06
797,asia,MF,1.3e-05
797,asia,WMF,9e-06
797,asia,PE,7e-06
798,asia,MN,0.000297
798,asia,MW,7e-06
798,asia,MF,6e-06
798,asia,WMF,6e-06
798,asia,PE,9e-06
799,asia,MN,0.000299
799,asia,MW,9e-06
799,asia,MF,6e-06
799,asia,WMF,6e-06
799,asia,PE,7e-06
800,asia,MN,0.000241
800,asia,MW,7e-06
800,asia,MF,7e-06
800,asia,WMF,7e-06
800,asia,PE,8e-06
801,asia,MN,0.000242
801,asia,MW,2.7e-05
801,asia,MF,1e-05
801,asia,WMF,1e-05
801,asia,PE,1.1e-05
802,asia,MN,0.000358
802,asia,MW,1.1e-05
802,asia,MF,9e-06
802,asia,WMF,9e-06
802,asia,PE,1.2e-05
803,asia,MN,0.000337
803,asia,MW,1.1e-05
803,asia,MF,1e-05
803,asia,WMF,1e-05
803,asia,PE,9e-06
804,asia,MN,0.000333
804,asia,MW,1.1e-05
804,asia,MF,1e-05
804,asia,WMF,1e-05
804,asia,PE,1e-05
805,asia,MN,0.000322
805,asia,MW,1e-05
805,asia,MF,1e-05
805,asia,WMF,8e-06
805,asia,PE,9e-06
806,asia,MN,0.00032
806,asia,MW,1e-05
806,asia,MF,8e-06
806,asia,WMF,9e-06
806,asia,PE,9e-06
807,asia,MN,0.000322
807,asia,MW,1e-05
807,asia,MF,9e-06
807,asia,WMF,9e-06
807,asia,PE,7e-06
808,asia,MN,0.000251
808,asia,MW,7e-06
808,asia,MF,8e-06
808,asia,WMF,7e-06
808,asia,PE,8e-06
809,asia,MN,0.00026
809,asia,MW,9e-06
809,asia,MF,7e-06
809,asia,WMF,8e-06
809,asia,PE,8e-06
810,asia,MN,0.000264
810,asia,MW,7e-06
810,asia,MF,6e-06
810,asia,WMF,6e-06
810,asia,PE,8e-06
811,asia,MN,0.000238
811,asia,MW,8e-06
811,asia,MF,7e-06
811,asia,WMF,7e-06
811,asia,PE,8e-06
812,asia,MN,0.000229
812,asia,MW,8e-06
812,asia,MF,6e-06
812,asia,WMF,6e-06
812,asia,PE,7e-06
813,asia,MN,0.000232
813,asia,MW,8e-06
813,asia,MF,8e-06
813,asia,WMF,7e-06
813,asia,PE,8e-06
814,asia,MN,0.000242
814,asia,MW,8e-06
814,asia,MF,7e-06
814,asia,WMF,7e-06
814,asia,PE,7e-06
815,asia,MN,0.00023
815,asia,MW,7e-06
815,asia,MF,7e-06
815,asia,WMF,7e-06
815,asia,PE,6e-06
816,asia,MN,0.000225
816,asia,MW,7e-06
816,asia,MF,7e-06
816,asia,WMF,6e-06
816,asia,PE,7e-06
817,asia,MN,0.00024
817,asia,MW,8e-06
817,asia,MF,6e-06
817,asia,WMF,8e-06
817,asia,PE,7e-06
818,asia,MN,0.000237
818,asia,MW,7e-06
818,asia,MF,7e-06
818,asia,WMF,7e-06
818,asia,PE,7e-06
819,asia,MN,0.000425
819,asia,MW,1.2e-05
819,asia,MF,1.1e-05
819,asia,WMF,1e-05
819,asia,PE,1.2e-05
820,asia,MN,0.000355
820,asia,MW,1.1e-05
820,asia,MF,1.8e-05
820,asia,WMF,1.2e-05
820,asia,PE,1.2e-05
821,asia,MN,0.000336
821,asia,MW,1.1e-05
821,asia,MF,1e-05
821,asia,WMF,9e-06
821,asia,PE,8e-06
822,asia,MN,0.000322
822,asia,MW,9e-06
822,asia,MF,1.9e-05
822,asia,WMF,1.2e-05
822,asia,PE,9e-06
823,asia,MN,0.000322
823,asia,MW,1.1e-05
823,asia,MF,9e-06
823,asia,WMF,9e-06
823,asia,PE,9e-06
824,asia,MN,0.000317
824,asia,MW,9e-06
824,asia,MF,1e-05
824,asia,WMF,9e-06
824,asia,PE,1e-05
825,asia,MN,0.000322
825,asia,MW,9e-06
825,asia,MF,8e-06
825,asia,WMF,7e-06
825,asia,PE,1.2e-05
826,asia,MN,0.000275
826,asia,MW,8e-06
826,asia,MF,7e-06
826,asia,WMF,8e-06
826,asia,PE,8e-06
827,asia,MN,0.000296
827,asia,MW,9e-06
827,asia,MF,7e-06
827,asia,WMF,1.5e-05
827,asia,PE,9e-06
828,asia,MN,0.000231
828,asia,MW,8e-06
828,asia,MF,7e-06
828,asia,WMF,7e-06
828,asia,PE,7e-06
829,asia,MN,0.00024
829,asia,MW,8e-06
829,asia,MF,7e-06
829,asia,WMF,7e-06
829,asia,PE,8e-06
830,asia,MN,0.000236
830,asia,MW,6e-06
830,asia,MF,7e-06
830,asia,WMF,6e-06
830,asia,PE,7e-06
831,asia,MN,0.000231
831,asia,MW,6e-06
831,asia,MF,6e-06
831,asia,WMF,7e-06
831,asia,PE,6e-06
832,asia,MN,0.000247
832,asia,MW,8e-06
832,asia,MF,7e-06
832,asia,WMF,8e-06
832,asia,PE,8e-06
833,asia,MN,0.000242
833,asia,MW,8e-06
833,asia,MF,8e-06
833,asia,WMF,7e-06
833,asia,PE,7e-06
834,asia,MN,0.000225
834,asia,MW,7e-06
834,asia,MF,6e-06
834,asia,WMF,6e-06
834,asia,PE,6e-06
835,asia,MN,0.000235
835,asia,MW,8e-06
835,asia,MF,7e-06
835,asia,WMF,7e-06
835,asia,PE,6e-06
836,asia,MN,0.000238
836,asia,MW,3.9e-05
836,asia,MF,1.8e-05
836,asia,WMF,1.2e-05
836,asia,PE,1.2e-05
837,asia,MN,0.000504
837,asia,MW,1.1e-05
837,asia,MF,9e-06
837,asia,WMF,1e-05
837,asia,PE,1.5e-05
838,asia,MN,0.000417
838,asia,MW,9e-06
838,asia,MF,8e-06
838,asia,WMF,9e-06
838,asia,PE,1e-05
839,asia,MN,0.000317
839,asia,MW,9e-06
839,asia,MF,9e-06
839,asia,WMF,1e-05
839,asia,PE,1e-05
840,asia,MN,0.000307
840,asia,MW,1e-05
840,asia,MF,9e-06
840,asia,WMF,1e-05
840,asia,PE,1e-05
841,asia,MN,0.000305
841,asia,MW,8e-06
841,asia,MF,7e-06
841,asia,WMF,8e-06
841,asia,PE,7e-06
842,asia,MN,0.000263
842,asia,MW,8e-06
842,asia,MF,7e-06
842,asia,WMF,8e-06
842,asia,PE,8e-06
843,asia,MN,0.000321
843,asia,MW,9e-06
843,asia,MF,8e-06
843,asia,WMF,7e-06
843,asia,PE,7e-06
844,asia,MN,0.000235
844,asia,MW,7e-06
844,asia,MF,6e-06
844,asia,WMF,6e-06
844,asia,PE,7e-06
845,asia,MN,0.000264
845,asia,MW,8e-06
845,asia,MF,1e-05
845,asia,WMF,7e-06
845,asia,PE,6e-06
846,asia,MN,0.000233
846,asia,MW,8e-06
846,asia,MF,6e-06
846,asia,WMF,6e-06
846,asia,PE,7e-06
847,asia,MN,0.000248
847,asia,MW,9e-06
847,asia,MF,6e-06
847,asia,WMF,7e-06
847,asia,PE,7e-06
848,asia,MN,0.000234
848,asia,MW,6e-06
848,asia,MF,7e-06
848,asia,WMF,7e-06
848,asia,PE,7e-06
849,asia,MN,0.000273
849,asia,MW,7e-06
849,asia,MF,8e-06
849,asia,WMF,8e-06
849,asia,PE,6e-06
850,asia,MN,0.000238
850,asia,MW,6e-06
850,asia,MF,6e-06
850,asia,WMF,6e-06
850,asia,PE,7e-06
851,asia,MN,0.000234
851,asia,MW,8e-06
851,asia,MF,7e-06
851,asia,WMF,6e-06
851,asia,PE,7e-06
852,asia,MN,0.000234
852,asia,MW,7e-06
852,asia,MF,8e-06
852,asia,WMF,7e-06
852,asia,PE,7e-06
853,asia,MN,0.000233
853,asia,MW,7e-06
853,asia,MF,7e-06
853,asia,WMF,7e-06
853,asia,PE,7e-06
854,asia,MN,0.00023
854,asia,MW,2.7e-05
854,asia,MF,1.2e-05
854,asia,WMF,1.1e-05
854,asia,PE,1.2e-05
855,asia,MN,0.00045
855,asia,MW,1e-05
855,asia,MF,1e-05
855,asia,WMF,1.4e-05
855,asia,PE,1.1e-05
856,asia,MN,0.000397
856,asia,MW,1.8e-05
856,asia,MF,1.1e-05
856,asia,WMF,1e-05
856,asia,PE,1e-05
857,asia,MN,0.000334
857,asia,MW,8e-06
857,asia,MF,7e-06
857,asia,WMF,8e-06
857,asia,PE,8e-06
858,asia,MN,0.000264
858,asia,MW,8e-06
858,asia,MF,8e-06
858,asia,WMF,7e-06
858,asia,PE,7e-06
859,asia,MN,0.000253
859,asia,MW,8e-06
859,asia,MF,8e-06
859,asia,WMF,8e-06
859,asia,PE,7e-06
860,asia,MN,0.000407
860,asia,MW,8e-06
860,asia,MF,8e-06
860,asia,WMF,8e-06
860,asia,PE,6e-06
861,asia,MN,0.00024
861,asia,MW,8e-06
861,asia,MF,8e-06
861,asia,WMF,7e-06
861,asia,PE,6e-06
862,asia,MN,0.000238
862,asia,MW,8e-06
862,asia,MF,7e-06
862,asia,WMF,7e-06
862,asia,PE,7e-06
863,asia,MN,0.000229
863,asia,MW,8e-06
863,asia,MF,7e-06
863,asia,WMF,6e-06
863,asia,PE,7e-06
864,asia,MN,0.00023
864,asia,MW,7e-06
864,asia,MF,7e-06
864,asia,WMF,7e-06
864,asia,PE,1.1e-05
865,asia,MN,0.000286
865,asia,MW,8e-06
865,asia,MF,6e-06
865,asia,WMF,6e-06
865,asia,PE,6e-06
866,asia,MN,0.000246
866,asia,MW,8e-06
866,asia,MF,7e-06
866,asia,WMF,7e-06
866,asia,PE,7e-06
867,asia,MN,0.000224
867,asia,MW,7e-06
867,asia,MF,7e-06
867,asia,WMF,7e-06
867,asia,PE,6e-06
868,asia,MN,0.000233
868,asia,MW,8e-06
868,asia,MF,8e-06
868,asia,WMF,7e-06
868,asia,PE,7e-06
869,asia,MN,0.000236
869,asia,MW,7e-06
869,asia,MF,7e-06
869,asia,WMF,6e-06
869,asia,PE,7e-06
870,asia,MN,0.000237
870,asia,MW,7e-06
870,asia,MF,7e-06
870,asia,WMF,7e-06
870,asia,PE,1.5e-05
871,asia,MN,0.000232
871,asia,MW,8e-06
871,asia,MF,7e-06
871,asia,WMF,7e-06
871,asia,PE,6e-06
872,asia,MN,0.000227
872,asia,MW,8e-06
872,asia,MF,7e-06
872,asia,WMF,6e-06
872,asia,PE,7e-06
873,asia,MN,0.000443
873,asia,MW,1.3e-05
873,asia,MF,1.1e-05
873,asia,WMF,1e-05
873,asia,PE,1e-05
874,asia,MN,0.000405
874,asia,MW,3e-05
874,asia,MF,1.8e-05
874,asia,WMF,1.1e-05
874,asia,PE,1.5e-05
875,asia,MN,0.000342
875,asia,MW,1e-05
875,asia,MF,9e-06
875,asia,WMF,1e-05
875,asia,PE,8e-06
876,asia,MN,0.00033
876,asia,MW,1e-05
876,asia,MF,9e-06
876,asia,WMF,9e-06
876,asia,PE,1e-05
877,asia,MN,0.000315
877,asia,MW,9e-06
877,asia,MF,9e-06
877,asia,WMF,9e-06
877,asia,PE,9e-06
878,asia,MN,0.000255
878,asia,MW,7e-06
878,asia,MF,8e-06
878,asia,WMF,7e-06
878,asia,PE,8e-06
879,asia,MN,0.000248
879,asia,MW,8e-06
879,asia,MF,8e-06
879,asia,WMF,7e-06
879,asia,PE,7e-06
880,asia,MN,0.000233
880,asia,MW,8e-06
880,asia,MF,7e-06
880,asia,WMF,7e-06
880,asia,PE,7e-06
881,asia,MN,0.000238
881,asia,MW,7e-06
881,asia,MF,6e-06
881,asia,WMF,7e-06
881,asia,PE,7e-06
882,asia,MN,0.000234
882,asia,MW,7e-06
882,asia,MF,6e-06
882,asia,WMF,6e-06
882,asia,PE,6e-06
883,asia,MN,0.00023
883,asia,MW,7e-06
883,asia,MF,6e-06
883,asia,WMF,6e-06
883,asia,PE,6e-06
884,asia,MN,0.000237
884,asia,MW,8e-06
884,asia,MF,8e-06
884,asia,WMF,8e-06
884,asia,PE,6e-06
885,asia,MN,0.000235
885,asia,MW,8e-06
885,asia,MF,7e-06
885,asia,WMF,7e-06
885,asia,PE,6e-06
886,asia,MN,0.000232
886,asia,MW,8e-06
886,asia,MF,8e-06
886,asia,WMF,7e-06
886,asia,PE,6e-06
887,asia,MN,0.000239
887,asia,MW,8e-06
887,asia,MF,7e-06
887,asia,WMF,6e-06
887,asia,PE,8e-06
888,asia,MN,0.000235
888,asia,MW,7e-06
888,asia,MF,6e-06
888,asia,WMF,7e-06
888,asia,PE,6e-06
889,asia,MN,0.000231
889,asia,MW,7e-06
889,asia,MF,7e-06
889,asia,WMF,7e-06
889,asia,PE,6e-06
890,asia,MN,0.000224
890,asia,MW,7e-06
890,asia,MF,7e-06
890,asia,WMF,6e-06
890,asia,PE,6e-06
891,asia,MN,0.000256
891,asia,MW,2.8e-05
891,asia,MF,1e-05
891,asia,WMF,7e-06
891,asia,PE,9e-06
892,asia,MN,0.000278
892,asia,MW,1.2e-05
892,asia,MF,1.4e-05
892,asia,WMF,7e-06
892,asia,PE,1.2e-05
893,asia,MN,0.000298
893,asia,MW,1.5e-05
893,asia,MF,1.1e-05
893,asia,WMF,9e-06
893,asia,PE,1.4e-05
894,asia,MN,0.000314
894,asia,MW,9e-06
894,asia,MF,8e-06
894,asia,WMF,8e-06
894,asia,PE,9e-06
895,asia,MN,0.000265
895,asia,MW,8e-06
895,asia,MF,1.3e-05
895,asia,WMF,9e-06
895,asia,PE,1e-05
896,asia,MN,0.000244
896,asia,MW,7e-06
896,asia,MF,1e-05
896,asia,WMF,8e-06
896,asia,PE,7e-06
897,asia,MN,0.000227
897,asia,MW,7e-06
897,asia,MF,7e-06
897,asia,WMF,1e-05
897,asia,PE,8e-06
898,asia,MN,0.000226
898,asia,MW,8e-06
898,asia,MF,8e-06
898,asia,WMF,7e-06
898,asia,PE,7e-06
899,asia,MN,0.00029
899,asia,MW,9e-06
899,asia,MF,6e-06
899,asia,WMF,1.5e-05
899,asia,PE,1.4e-05
900,asia,MN,0.000276
900,asia,MW,8e-06
900,asia,MF,1e-05
900,asia,WMF,6e-06
900,asia,PE,1.2e-05
901,asia,MN,0.000246
901,asia,MW,7e-06
901,asia,MF,7e-06
901,asia,WMF,6e-06
901,asia,PE,6e-06
902,asia,MN,0.000266
902,asia,MW,7e-06
902,asia,MF,9e-06
902,asia,WMF,8e-06
902,asia,PE,7e-06
903,asia,MN,0.00028
903,asia,MW,8e-06
903,asia,MF,8e-06
903,asia,WMF,7e-06
903,asia,PE,7e-06
904,asia,MN,0.000259
904,asia,MW,7e-06
904,asia,MF,6e-06
904,asia,WMF,7e-06
904,asia,PE,1.1e-05
905,asia,MN,0.00026
905,asia,MW,8e-06
905,asia,MF,7e-06
905,asia,WMF,6e-06
905,asia,PE,8e-06
906,asia,MN,0.000297
906,asia,MW,7e-06
906,asia,MF,8e-06
906,asia,WMF,7e-06
906,asia,PE,9e-06
907,asia,MN,0.00056
907,asia,MW,2e-05
907,asia,MF,4.2e-05
907,asia,WMF,1.9e-05
907,asia,PE,1e-05
908,asia,MN,0.00033
908,asia,MW,8e-06
908,asia,MF,7e-06
908,asia,WMF,2.7e-05
908,asia,PE,3.3e-05
909,asia,MN,0.000439
909,asia,MW,1.1e-05
909,asia,MF,1.8e-05
909,asia,WMF,9e-06
909,asia,PE,1.9e-05
910,asia,MN,0.000343
910,asia,MW,1.1e-05
910,asia,MF,1e-05
910,asia,WMF,9e-06
910,asia,PE,9e-06
911,asia,MN,0.000344
911,asia,MW,1.1e-05
911,asia,MF,1e-05
911,asia,WMF,9e-06
911,asia,PE,9e-06
912,asia,MN,0.000402
912,asia,MW,1.1e-05
912,asia,MF,1e-05
912,asia,WMF,9e-06
912,asia,PE,1e-05
913,asia,MN,0.000283
913,asia,MW,9e-06
913,asia,MF,1e-05
913,asia,WMF,1e-05
913,asia,PE,8e-06
914,asia,MN,0.00028
914,asia,MW,8e-06
914,asia,MF,8e-06
914,asia,WMF,7e-06
914,asia,PE,1.3e-05
915,asia,MN,0.000276
915,asia,MW,9e-06
915,asia,MF,8e-06
915,asia,WMF,7e-06
915,asia,PE,1.2e-05
916,asia,MN,0.000257
916,asia,MW,8e-06
916,asia,MF,7e-06
916,asia,WMF,7e-06
916,asia,PE,7e-06
917,asia,MN,0.000263
917,asia,MW,9e-06
917,asia,MF,8e-06
917,asia,WMF,8e-06
917,asia,PE,1.4e-05
918,asia,MN,0.000275
918,asia,MW,8e-06
918,asia,MF,6e-06
918,asia,WMF,6e-06
918,asia,PE,1.1e-05
919,asia,MN,0.000287
919,asia,MW,8e-06
919,asia,MF,8e-06
919,asia,WMF,8e-06
919,asia,PE,9e-06
920,asia,MN,0.000276
920,asia,MW,8e-06
920,asia,MF,7e-06
920,asia,WMF,6e-06
920,asia,PE,9e-06
921,asia,MN,0.000282
921,asia,MW,8e-06
921,asia,MF,8e-06
921,asia,WMF,7e-06
921,asia,PE,1e-05
922,asia,MN,0.000295
922,asia,MW,3.4e-05
922,asia,MF,1.2e-05
922,asia,WMF,1e-05
922,asia,PE,1.4e-05
923,asia,MN,0.000458
923,asia,MW,1.8e-05
923,asia,MF,1.5e-05
923,asia,WMF,1.1e-05
923,asia,PE,1.3e-05
924,asia,MN,0.00035
924,asia,MW,1e-05
924,asia,MF,1e-05
924,asia,WMF,1e-05
924,asia,PE,1e-05
925,asia,MN,0.000339
925,asia,MW,1e-05
925,asia,MF,1e-05
925,asia,WMF,9e-06
925,asia,PE,1e-05
926,asia,MN,0.000267
926,asia,MW,8e-06
926,asia,MF,8e-06
926,asia,WMF,7e-06
926,asia,PE,1.3e-05
927,asia,MN,0.000337
927,asia,MW,9e-06
927,asia,MF,8e-06
927,asia,WMF,9e-06
927,asia,PE,8e-06
928,asia,MN,0.000263
928,asia,MW,8e-06
928,asia,MF,8e-06
928,asia,WMF,6e-06
928,asia,PE,8e-06
929,asia,MN,0.000268
929,asia,MW,7e-06
929,asia,MF,7e-06
929,asia,WMF,8e-06
929,asia,PE,8e-06
930,asia,MN,0.000253
930,asia,MW,8e-06
930,asia,MF,7e-06
930,asia,WMF,7e-06
930,asia,PE,8e-06
931,asia,MN,0.000241
931,asia,MW,8e-06
931,asia,MF,7e-06
931,asia,WMF,8e-06
931,asia,PE,8e-06
932,asia,MN,0.000254
932,asia,MW,7e-06
932,asia,MF,6e-06
932,asia,WMF,7e-06
932,asia,PE,6e-06
933,asia,MN,0.000248
933,asia,MW,8e-06
933,asia,MF,8e-06
933,asia,WMF,7e-06
933,asia,PE,7e-06
934,asia,MN,0.000258
934,asia,MW,8e-06
934,asia,MF,8e-06
934,asia,WMF,7e-06
934,asia,PE,6e-06
935,asia,MN,0.000254
935,asia,MW,7e-06
935,asia,MF,7e-06
935,asia,WMF,7e-06
935,asia,PE,7e-06
936,asia,MN,0.000255
936,asia,MW,8e-06
936,asia,MF,8e-06
936,asia,WMF,7e-06
936,asia,PE,7e-06
937,asia,MN,0.000406
937,asia,MW,7e-06
937,asia,MF,8e-06
937,asia,WMF,8e-06
937,asia,PE,1.2e-05
938,asia,MN,0.000294
938,asia,MW,8e-06
938,asia,MF,7e-06
938,asia,WMF,1.6e-05
938,asia,PE,1.1e-05
939,asia,MN,0.000375
939,asia,MW,8e-06
939,asia,MF,7e-06
939,asia,WMF,7e-06
939,asia,PE,7e-06
940,asia,MN,0.000244
940,asia,MW,7e-06
940,asia,MF,6e-06
940,asia,WMF,6e-06
940,asia,PE,8e-06
941,asia,MN,0.000252
941,asia,MW,8e-06
941,asia,MF,8e-06
941,asia,WMF,6e-06
941,asia,PE,8e-06
942,asia,MN,0.00025
942,asia,MW,8e-06
942,asia,MF,6e-06
942,asia,WMF,8e-06
942,asia,PE,8e-06
943,asia,MN,0.000249
943,asia,MW,7e-06
943,asia,MF,7e-06
943,asia,WMF,7e-06
943,asia,PE,7e-06
944,asia,MN,0.000242
944,asia,MW,8e-06
944,asia,MF,8e-06
944,asia,WMF,7e-06
944,asia,PE,6e-06
945,asia,MN,0.00026
945,asia,MW,7e-06
945,asia,MF,6e-06
945,asia,WMF,7e-06
945,asia,PE,7e-06
946,asia,MN,0.000271
946,asia,MW,7e-06
946,asia,MF,7e-06
946,asia,WMF,6e-06
946,asia,PE,8e-06
947,asia,MN,0.000243
947,asia,MW,8e-06
947,asia,MF,7e-06
947,asia,WMF,7e-06
947,asia,PE,7e-06
948,asia,MN,0.000275
948,asia,MW,8e-06
948,asia,MF,8e-06
948,asia,WMF,7e-06
948,asia,PE,7e-06
949,asia,MN,0.000241
949,asia,MW,7e-06
949,asia,MF,8e-06
949,asia,WMF,8e-06
949,asia,PE,7e-06
950,asia,MN,0.00027
950,asia,MW,8e-06
950,asia,MF,6e-06
950,asia,WMF,6e-06
950,asia,PE,6e-06
951,asia,MN,0.000256
951,asia,MW,8e-06
951,asia,MF,8e-06
951,asia,WMF,7e-06
951,asia,PE,7e-06
952,asia,MN,0.000291
952,asia,MW,7e-06
952,asia,MF,6e-06
952,asia,WMF,7e-06
952,asia,PE,1.1e-05
953,asia,MN,0.000266
953,asia,MW,7e-06
953,asia,MF,6e-06
953,asia,WMF,6e-06
953,asia,PE,8e-06
954,asia,MN,0.000431
954,asia,MW,1.2e-05
954,asia,MF,1e-05
954,asia,WMF,1e-05
954,asia,PE,1.6e-05
955,asia,MN,0.000405
955,asia,MW,1.1e-05
955,asia,MF,1e-05
955,asia,WMF,1e-05
955,asia,PE,1.7e-05
956,asia,MN,0.000365
956,asia,MW,1.5e-05
956,asia,MF,1.5e-05
956,asia,WMF,1.5e-05
956,asia,PE,1.1e-05
957,asia,MN,0.000315
957,asia,MW,9e-06
957,asia,MF,7e-06
957,asia,WMF,8e-06
957,asia,PE,8e-06
958,asia,MN,0.00028
958,asia,MW,9e-06
958,asia,MF,9e-06
958,asia,WMF,7e-06
958,asia,PE,9e-06
959,asia,MN,0.000301
959,asia,MW,9e-06
959,asia,MF,7e-06
959,asia,WMF,8e-06
959,asia,PE,7e-06
960,asia,MN,0.000455
960,asia,MW,1.5e-05
960,asia,MF,1.2e-05
960,asia,WMF,9e-06
960,asia,PE,1e-05
961,asia,MN,0.000324
961,asia,MW,1.6e-05
961,asia,MF,1.3e-05
961,asia,WMF,9e-06
961,asia,PE,7e-06
962,asia,MN,0.000312
962,asia,MW,1.5e-05
962,asia,MF,1e-05
962,asia,WMF,7e-06
962,asia,PE,8e-06
963,asia,MN,0.000293
963,asia,MW,7e-06
963,asia,MF,7e-06
963,asia,WMF,8e-06
963,asia,PE,1.5e-05
964,asia,MN,0.000273
964,asia,MW,7e-06
964,asia,MF,7e-06
964,asia,WMF,7e-06
964,asia,PE,7e-06
965,asia,MN,0.000246
965,asia,MW,8e-06
965,asia,MF,7e-06
965,asia,WMF,7e-06
965,asia,PE,7e-06
966,asia,MN,0.000257
966,asia,MW,7e-06
966,asia,MF,7e-06
966,asia,WMF,8e-06
966,asia,PE,8e-06
967,asia,MN,0.000259
967,asia,MW,8e-06
967,asia,MF,8e-06
967,asia,WMF,7e-06
967,asia,PE,7e-06
968,asia,MN,0.000252
968,asia,MW,7e-06
968,asia,MF,6e-06
968,asia,WMF,6e-06
968,asia,PE,7e-06
969,asia,MN,0.000475
969,asia,MW,2.2e-05
969,asia,MF,1e-05
969,asia,WMF,1e-05
969,asia,PE,2.8e-05
970,asia,MN,0.000371
970,asia,MW,1e-05
970,asia,MF,1e-05
970,asia,WMF,1e-05
970,asia,PE,1.2e-05
971,asia,MN,0.000351
971,asia,MW,1.1e-05
971,asia,MF,8e-06
971,asia,WMF,1e-05
971,asia,PE,9e-06
972,asia,MN,0.00028
972,asia,MW,8e-06
972,asia,MF,8e-06
972,asia,WMF,7e-06
972,asia,PE,8e-06
973,asia,MN,0.000266
973,asia,MW,9e-06
973,asia,MF,7e-06
973,asia,WMF,8e-06
973,asia,PE,7e-06
974,asia,MN,0.000308
974,asia,MW,8e-06
974,asia,MF,8e-06
974,asia,WMF,6e-06
974,asia,PE,7e-06
975,asia,MN,0.000252
975,asia,MW,6e-06
975,asia,MF,7e-06
975,asia,WMF,7e-06
975,asia,PE,6e-06
976,asia,MN,0.000252
976,asia,MW,8e-06
976,asia,MF,6e-06
976,asia,WMF,7e-06
976,asia,PE,7e-06
977,asia,MN,0.000257
977,asia,MW,8e-06
977,asia,MF,6e-06
977,asia,WMF,7e-06
977,asia,PE,7e-06
978,asia,MN,0.000252
978,asia,MW,8e-06
978,asia,MF,8e-06
978,asia,WMF,7e-06
978,asia,PE,7e-06
979,asia,MN,0.000253
979,asia,MW,7e-06
979,asia,MF,6e-06
979,asia,WMF,7e-06
979,asia,PE,8e-06
980,asia,MN,0.000274
980,asia,MW,8e-06
980,asia,MF,8e-06
980,asia,WMF,8e-06
980,asia,PE,7e-06
981,asia,MN,0.000246
981,asia,MW,8e-06
981,asia,MF,7e-06
981,asia,WMF,6e-06
981,asia,PE,7e-06
982,asia,MN,0.000255
982,asia,MW,7e-06
982,asia,MF,7e-06
982,asia,WMF,7e-06
982,asia,PE,7e-06
983,asia,MN,0.00025
983,asia,MW,7e-06
983,asia,MF,6e-06
983,asia,WMF,8e-06
983,asia,PE,7e-06
984,asia,MN,0.000259
984,asia,MW,8e-06
984,asia,MF,8e-06
984,asia,WMF,6e-06
984,asia,PE,7e-06
985,asia,MN,0.000396
985,asia,MW,1.1e-05
985,asia,MF,1.1e-05
985,asia,WMF,1e-05
985,asia,PE,1.4e-05
986,asia,MN,0.000493
986,asia,MW,1.1e-05
986,asia,MF,2.8e-05
986,asia,WMF,1.2e-05
986,asia,PE,1.4e-05
987,asia,MN,0.000359
987,asia,MW,1.4e-05
987,asia,MF,9e-06
987,asia,WMF,9e-06
987,asia,PE,9e-06
988,asia,MN,0.000338
988,asia,MW,1.1e-05
988,asia,MF,1e-05
988,asia,WMF,8e-06
988,asia,PE,1e-05
989,asia,MN,0.000371
989,asia,MW,2e-05
989,asia,MF,2.5e-05
989,asia,WMF,1.6e-05
989,asia,PE,1.6e-05
990,asia,MN,0.000336
990,asia,MW,1.1e-05
990,asia,MF,8e-06
990,asia,WMF,1.1e-05
990,asia,PE,1.3e-05
991,asia,MN,0.000294
991,asia,MW,9e-06
991,asia,MF,8e-06
991,asia,WMF,7e-06
991,asia,PE,8e-06
992,asia,MN,0.000253
992,asia,MW,8e-06
992,asia,MF,8e-06
992,asia,WMF,7e-06
992,asia,PE,8e-06
993,asia,MN,0.00025
993,asia,MW,7e-06
993,asia,MF,6e-06
993,asia,WMF,7e-06
993,asia,PE,7e-06
994,asia,MN,0.000255
994,asia,MW,7e-06
994,asia,MF,7e-06
994,asia,WMF,7e-06
994,asia,PE,1e-05
995,asia,MN,0.00026
995,asia,MW,7e-06
995,asia,MF,6e-06
995,asia,WMF,6e-06
995,asia,PE,1.1e-05
996,asia,MN,0.000256
996,asia,MW,7e-06
996,asia,MF,6e-06
996,asia,WMF,8e-06
996,asia,PE,7e-06
997,asia,MN,0.000244
997,asia,MW,7e-06
997,asia,MF,7e-06
997,asia,WMF,6e-06
997,asia,PE,8e-06
998,asia,MN,0.000267
998,asia,MW,7e-06
998,asia,MF,1.2e-05
998,asia,WMF,8e-06
998,asia,PE,1.3e-05
999,asia,MN,0.00044
999,asia,MW,1.2e-05
999,asia,MF,1e-05
999,asia,WMF,1.1e-05
999,asia,PE,1.4e-05
