run,bn,heuristic,time
0,asia,MN,0.001176
0,asia,MW,9e-06
0,asia,MF,8e-06
0,asia,WMF,7e-06
0,asia,PE,6e-06
1,asia,MN,0.000238
1,asia,MW,8e-06
1,asia,MF,7e-06
1,asia,WMF,7e-06
1,asia,PE,6e-06
2,asia,MN,0.000233
2,asia,MW,8e-06
2,asia,MF,7e-06
2,asia,WMF,7e-06
2,asia,PE,7e-06
3,asia,MN,0.000233
3,asia,MW,8e-06
3,asia,MF,6e-06
3,asia,WMF,7e-06
3,asia,PE,6e-06
4,asia,MN,0.000231
4,asia,MW,7e-06
4,asia,MF,1.2e-05
4,asia,WMF,8e-06
4,asia,PE,7e-06
5,asia,MN,0.00028
5,asia,MW,8e-06
5,asia,MF,6e-06
5,asia,WMF,4.1e-05
5,asia,PE,1.2e-05
6,asia,MN,0.000479
6,asia,MW,3.8e-05
6,asia,MF,1.1e-05
6,asia,WMF,1e-05
6,asia,PE,8e-06
7,asia,MN,0.000434
7,asia,MW,9e-06
7,asia,MF,1.3e-05
7,asia,WMF,8e-06
7,asia,PE,1.5e-05
8,asia,MN,0.000297
8,asia,MW,2e-05
8,asia,MF,8e-06
8,asia,WMF,8e-06
8,asia,PE,7e-06
9,asia,MN,0.00027
9,asia,MW,9e-06
9,asia,MF,1.4e-05
9,asia,WMF,1e-05
9,asia,PE,8e-06
10,asia,MN,0.000238
10,asia,MW,8e-06
10,asia,MF,6e-06
10,asia,WMF,6e-06
10,asia,PE,8e-06
11,asia,MN,0.000232
11,asia,MW,7e-06
11,asia,MF,7e-06
11,asia,WMF,7e-06
11,asia,PE,1e-05
12,asia,MN,0.000262
12,asia,MW,1e-05
12,asia,MF,1.1e-05
12,asia,WMF,9e-06
12,asia,PE,6e-06
13,asia,MN,0.000278
13,asia,MW,8e-06
13,asia,MF,7e-06
13,asia,WMF,6e-06
13,asia,PE,8e-06
14,asia,MN,0.000236
14,asia,MW,8e-06
14,asia,MF,7e-06
14,asia,WMF,7e-06
14,asia,PE,6e-06
15,asia,MN,0.000232
15,asia,MW,7e-06
15,asia,MF,7e-06
15,asia,WMF,7e-06
15,asia,PE,8e-06
16,asia,MN,0.000232
16,asia,MW,7e-06
16,asia,MF,7e-06
16,asia,WMF,7e-06
16,asia,PE,6e-06
17,asia,MN,0.000233
17,asia,MW,7e-06
17,asia,MF,8e-06
17,asia,WMF,8e-06
17,asia,PE,6e-06
18,asia,MN,0.000231
18,asia,MW,7e-06
18,asia,MF,6e-06
18,asia,WMF,6e-06
18,asia,PE,7e-06
19,asia,MN,0.00023
19,asia,MW,7e-06
19,asia,MF,6e-06
19,asia,WMF,8e-06
19,asia,PE,7e-06
20,asia,MN,0.000231
20,asia,MW,7e-06
20,asia,MF,7e-06
20,asia,WMF,7e-06
20,asia,PE,7e-06
21,asia,MN,0.000229
21,asia,MW,7e-06
21,asia,MF,7e-06
21,asia,WMF,6e-06
21,asia,PE,7e-06
22,asia,MN,0.000229
22,asia,MW,7e-06
22,asia,MF,7e-06
22,asia,WMF,6e-06
22,asia,PE,6e-06
23,asia,MN,0.000228
23,asia,MW,7e-06
23,asia,MF,6e-06
23,asia,WMF,7e-06
23,asia,PE,7e-06
24,asia,MN,0.00023
24,asia,MW,7e-06
24,asia,MF,7e-06
24,asia,WMF,6e-06
24,asia,PE,6e-06
25,asia,MN,0.000228
25,asia,MW,6e-06
25,asia,MF,7e-06
25,asia,WMF,7e-06
25,asia,PE,7e-06
26,asia,MN,0.00023
26,asia,MW,7e-06
26,asia,MF,6e-06
26,asia,WMF,6e-06
26,asia,PE,6e-06
27,asia,MN,0.000306
27,asia,MW,1.3e-05
27,asia,MF,1e-05
27,asia,WMF,1e-05
27,asia,PE,1.2e-05
28,asia,MN,0.000325
28,asia,MW,1.3e-05
28,asia,MF,1.1e-05
28,asia,WMF,9e-06
28,asia,PE,8e-06
29,asia,MN,0.000267
29,asia,MW,1.3e-05
29,asia,MF,1.2e-05
29,asia,WMF,1e-05
29,asia,PE,9e-06
30,asia,MN,0.000268
30,asia,MW,1.3e-05
30,asia,MF,8e-06
30,asia,WMF,1.1e-05
30,asia,PE,9e-06
31,asia,MN,0.000273
31,asia,MW,1.3e-05
31,asia,MF,1e-05
31,asia,WMF,1.2e-05
31,asia,PE,1e-05
32,asia,MN,0.000268
32,asia,MW,1.3e-05
32,asia,MF,9e-06
32,asia,WMF,1e-05
32,asia,PE,8e-06
33,asia,MN,0.000262
33,asia,MW,1.3e-05
33,asia,MF,1.1e-05
33,asia,WMF,9e-06
33,asia,PE,8e-06
34,asia,MN,0.000263
34,asia,MW,1e-05
34,asia,MF,1.3e-05
34,asia,WMF,1.3e-05
34,asia,PE,1.4e-05
35,asia,MN,0.000301
35,asia,MW,1.3e-05
35,asia,MF,8e-06
35,asia,WMF,7e-06
35,asia,PE,1e-05
36,asia,MN,0.00037
36,asia,MW,1.2e-05
36,asia,MF,1.3e-05
36,asia,WMF,1.3e-05
36,asia,PE,1.3e-05
37,asia,MN,0.000297
37,asia,MW,9e-06
37,asia,MF,1.2e-05
37,asia,WMF,1.3e-05
37,asia,PE,1.3e-05
38,asia,MN,0.00029
38,asia,MW,1.3e-05
38,asia,MF,1.2e-05
38,asia,WMF,8e-06
38,asia,PE,1.3e-05
39,asia,MN,0.000291
39,asia,MW,1.4e-05
39,asia,MF,9e-06
39,asia,WMF,1e-05
39,asia,PE,1.1e-05
40,asia,MN,0.000306
40,asia,MW,1.3e-05
40,asia,MF,1e-05
40,asia,WMF,1e-05
40,asia,PE,8e-06
41,asia,MN,0.000255
41,asia,MW,8e-06
41,asia,MF,7e-06
41,asia,WMF,7e-06
41,asia,PE,6e-06
42,asia,MN,0.000253
42,asia,MW,7e-06
42,asia,MF,8e-06
42,asia,WMF,7e-06
42,asia,PE,7e-06
43,asia,MN,0.000254
43,asia,MW,7e-06
43,asia,MF,7e-06
43,asia,WMF,7e-06
43,asia,PE,7e-06
44,asia,MN,0.000249
44,asia,MW,8e-06
44,asia,MF,7e-06
44,asia,WMF,6e-06
44,asia,PE,6e-06
45,asia,MN,0.000253
45,asia,MW,8e-06
45,asia,MF,1.4e-05
45,asia,WMF,1.3e-05
45,asia,PE,7e-06
46,asia,MN,0.000294
46,asia,MW,1.2e-05
46,asia,MF,7e-06
46,asia,WMF,7e-06
46,asia,PE,7e-06
47,asia,MN,0.000345
47,asia,MW,8e-06
47,asia,MF,7e-06
47,asia,WMF,7e-06
47,asia,PE,1.1e-05
48,asia,MN,0.000302
48,asia,MW,1.3e-05
48,asia,MF,1.1e-05
48,asia,WMF,1.3e-05
48,asia,PE,1.6e-05
49,asia,MN,0.000268
49,asia,MW,7e-06
49,asia,MF,6e-06
49,asia,WMF,7e-06
49,asia,PE,7e-06
50,asia,MN,0.000317
50,asia,MW,1.1e-05
50,asia,MF,1.2e-05
50,asia,WMF,1.1e-05
50,asia,PE,6e-06
51,asia,MN,0.000277
51,asia,MW,8e-06
51,asia,MF,6e-06
51,asia,WMF,8e-06
51,asia,PE,6e-06
52,asia,MN,0.000263
52,asia,MW,7e-06
52,asia,MF,1.1e-05
52,asia,WMF,8e-06
52,asia,PE,7e-06
53,asia,MN,0.000286
53,asia,MW,7e-06
53,asia,MF,6e-06
53,asia,WMF,8e-06
53,asia,PE,8e-06
54,asia,MN,0.000275
54,asia,MW,7e-06
54,asia,MF,1e-05
54,asia,WMF,8e-06
54,asia,PE,7e-06
55,asia,MN,0.000269
55,asia,MW,1e-05
55,asia,MF,7e-06
55,asia,WMF,8e-06
55,asia,PE,1e-05
56,asia,MN,0.00028
56,asia,MW,7e-06
56,asia,MF,6e-06
56,asia,WMF,6e-06
56,asia,PE,7e-06
57,asia,MN,0.00025
57,asia,MW,7e-06
57,asia,MF,6e-06
57,asia,WMF,7e-06
57,asia,PE,7e-06
58,asia,MN,0.000253
58,asia,MW,7e-06
58,asia,MF,6e-06
58,asia,WMF,6e-06
58,asia,PE,7e-06
59,asia,MN,0.000249
59,asia,MW,6e-06
59,asia,MF,7e-06
59,asia,WMF,7e-06
59,asia,PE,7e-06
60,asia,MN,0.000253
60,asia,MW,7e-06
60,asia,MF,1e-05
60,asia,WMF,9e-06
60,asia,PE,9e-06
61,asia,MN,0.000283
61,asia,MW,1.2e-05
61,asia,MF,1.1e-05
61,asia,WMF,7e-06
61,asia,PE,7e-06
62,asia,MN,0.000298
62,asia,MW,7e-06
62,asia,MF,7e-06
62,asia,WMF,6e-06
62,asia,PE,7e-06
63,asia,MN,0.000255
63,asia,MW,7e-06
63,asia,MF,8e-06
63,asia,WMF,7e-06
63,asia,PE,6e-06
64,asia,MN,0.00025
64,asia,MW,8e-06
64,asia,MF,8e-06
64,asia,WMF,7e-06
64,asia,PE,7e-06
65,asia,MN,0.00029
65,asia,MW,6e-06
65,asia,MF,7e-06
65,asia,WMF,6e-06
65,asia,PE,7e-06
66,asia,MN,0.000249
66,asia,MW,7e-06
66,asia,MF,7e-06
66,asia,WMF,7e-06
66,asia,PE,7e-06
67,asia,MN,0.000251
67,asia,MW,7e-06
67,asia,MF,7e-06
67,asia,WMF,6e-06
67,asia,PE,7e-06
68,asia,MN,0.000247
68,asia,MW,8e-06
68,asia,MF,7e-06
68,asia,WMF,6e-06
68,asia,PE,8e-06
69,asia,MN,0.000252
69,asia,MW,8e-06
69,asia,MF,8e-06
69,asia,WMF,7e-06
69,asia,PE,6e-06
70,asia,MN,0.000247
70,asia,MW,7e-06
70,asia,MF,6e-06
70,asia,WMF,6e-06
70,asia,PE,7e-06
71,asia,MN,0.000251
71,asia,MW,8e-06
71,asia,MF,7e-06
71,asia,WMF,6e-06
71,asia,PE,6e-06
72,asia,MN,0.000247
72,asia,MW,7e-06
72,asia,MF,7e-06
72,asia,WMF,6e-06
72,asia,PE,6e-06
73,asia,MN,0.000253
73,asia,MW,7e-06
73,asia,MF,7e-06
73,asia,WMF,6e-06
73,asia,PE,6e-06
74,asia,MN,0.000246
74,asia,MW,8e-06
74,asia,MF,6e-06
74,asia,WMF,7e-06
74,asia,PE,7e-06
75,asia,MN,0.000252
75,asia,MW,6e-06
75,asia,MF,6e-06
75,asia,WMF,6e-06
75,asia,PE,7e-06
76,asia,MN,0.000249
76,asia,MW,8e-06
76,asia,MF,7e-06
76,asia,WMF,8e-06
76,asia,PE,7e-06
77,asia,MN,0.000252
77,asia,MW,7e-06
77,asia,MF,8e-06
77,asia,WMF,7e-06
77,asia,PE,7e-06
78,asia,MN,0.000248
78,asia,MW,7e-06
78,asia,MF,7e-06
78,asia,WMF,6e-06
78,asia,PE,7e-06
79,asia,MN,0.00025
79,asia,MW,7e-06
79,asia,MF,7e-06
79,asia,WMF,7e-06
79,asia,PE,6e-06
80,asia,MN,0.000248
80,asia,MW,7e-06
80,asia,MF,6e-06
80,asia,WMF,6e-06
80,asia,PE,6e-06
81,asia,MN,0.000249
81,asia,MW,7e-06
81,asia,MF,7e-06
81,asia,WMF,7e-06
81,asia,PE,6e-06
82,asia,MN,0.000246
82,asia,MW,7e-06
82,asia,MF,7e-06
82,asia,WMF,7e-06
82,asia,PE,6e-06
83,asia,MN,0.000248
83,asia,MW,7e-06
83,asia,MF,6e-06
83,asia,WMF,6e-06
83,asia,PE,7e-06
84,asia,MN,0.000246
84,asia,MW,8e-06
84,asia,MF,1e-05
84,asia,WMF,7e-06
84,asia,PE,6e-06
85,asia,MN,0.00027
85,asia,MW,8e-06
85,asia,MF,6e-06
85,asia,WMF,8e-06
85,asia,PE,6e-06
86,asia,MN,0.000258
86,asia,MW,8e-06
86,asia,MF,7e-06
86,asia,WMF,7e-06
86,asia,PE,7e-06
87,asia,MN,0.000252
87,asia,MW,6e-06
87,asia,MF,7e-06
87,asia,WMF,7e-06
87,asia,PE,7e-06
88,asia,MN,0.000253
88,asia,MW,7e-06
88,asia,MF,7e-06
88,asia,WMF,7e-06
88,asia,PE,7e-06
89,asia,MN,0.00025
89,asia,MW,8e-06
89,asia,MF,7e-06
89,asia,WMF,6e-06
89,asia,PE,8e-06
90,asia,MN,0.000253
90,asia,MW,6e-06
90,asia,MF,7e-06
90,asia,WMF,7e-06
90,asia,PE,7e-06
91,asia,MN,0.000251
91,asia,MW,6e-06
91,asia,MF,6e-06
91,asia,WMF,7e-06
91,asia,PE,7e-06
92,asia,MN,0.000256
92,asia,MW,6e-06
92,asia,MF,7e-06
92,asia,WMF,6e-06
92,asia,PE,6e-06
93,asia,MN,0.000249
93,asia,MW,8e-06
93,asia,MF,7e-06
93,asia,WMF,7e-06
93,asia,PE,7e-06
94,asia,MN,0.000251
94,asia,MW,7e-06
94,asia,MF,7e-06
94,asia,WMF,7e-06
94,asia,PE,8e-06
95,asia,MN,0.000248
95,asia,MW,8e-06
95,asia,MF,7e-06
95,asia,WMF,7e-06
95,asia,PE,6e-06
96,asia,MN,0.000252
96,asia,MW,6e-06
96,asia,MF,7e-06
96,asia,WMF,6e-06
96,asia,PE,7e-06
97,asia,MN,0.000248
97,asia,MW,8e-06
97,asia,MF,8e-06
97,asia,WMF,7e-06
97,asia,PE,8e-06
98,asia,MN,0.00028
98,asia,MW,7e-06
98,asia,MF,6e-06
98,asia,WMF,6e-06
98,asia,PE,7e-06
99,asia,MN,0.000248
99,asia,MW,6e-06
99,asia,MF,6e-06
99,asia,WMF,6e-06
99,asia,PE,7e-06
100,asia,MN,0.000261
100,asia,MW,1.1e-05
100,asia,MF,1e-05
100,asia,WMF,1e-05
100,asia,PE,8e-06
101,asia,MN,0.000281
101,asia,MW,1e-05
101,asia,MF,7e-06
101,asia,WMF,7e-06
101,asia,PE,7e-06
102,asia,MN,0.000347
102,asia,MW,7e-06
102,asia,MF,7e-06
102,asia,WMF,8e-06
102,asia,PE,7e-06
103,asia,MN,0.000406
103,asia,MW,2.1e-05
103,asia,MF,8e-06
103,asia,WMF,1.8e-05
103,asia,PE,3.2e-05
104,asia,MN,0.00035
104,asia,MW,2.7e-05
104,asia,MF,9e-06
104,asia,WMF,8e-06
104,asia,PE,1.3e-05
105,asia,MN,0.000383
105,asia,MW,4.2e-05
105,asia,MF,1.1e-05
105,asia,WMF,9e-06
105,asia,PE,7e-06
106,asia,MN,0.000309
106,asia,MW,9e-06
106,asia,MF,1e-05
106,asia,WMF,3e-05
106,asia,PE,9e-06
107,asia,MN,0.000336
107,asia,MW,1.5e-05
107,asia,MF,1.2e-05
107,asia,WMF,7e-06
107,asia,PE,1e-05
108,asia,MN,0.000259
108,asia,MW,7e-06
108,asia,MF,6e-06
108,asia,WMF,7e-06
108,asia,PE,7e-06
109,asia,MN,0.000249
109,asia,MW,7e-06
109,asia,MF,6e-06
109,asia,WMF,6e-06
109,asia,PE,6e-06
110,asia,MN,0.000245
110,asia,MW,7e-06
110,asia,MF,7e-06
110,asia,WMF,7e-06
110,asia,PE,6e-06
111,asia,MN,0.000245
111,asia,MW,7e-06
111,asia,MF,6e-06
111,asia,WMF,6e-06
111,asia,PE,7e-06
112,asia,MN,0.000242
112,asia,MW,6e-06
112,asia,MF,6e-06
112,asia,WMF,6e-06
112,asia,PE,5e-06
113,asia,MN,0.000246
113,asia,MW,7e-06
113,asia,MF,7e-06
113,asia,WMF,7e-06
113,asia,PE,7e-06
114,asia,MN,0.000276
114,asia,MW,8e-06
114,asia,MF,8e-06
114,asia,WMF,1.2e-05
114,asia,PE,9e-06
115,asia,MN,0.000252
115,asia,MW,1e-05
115,asia,MF,7e-06
115,asia,WMF,7e-06
115,asia,PE,8e-06
116,asia,MN,0.000267
116,asia,MW,8e-06
116,asia,MF,6e-06
116,asia,WMF,6e-06
116,asia,PE,6e-06
117,asia,MN,0.000256
117,asia,MW,8e-06
117,asia,MF,7e-06
117,asia,WMF,8e-06
117,asia,PE,6e-06
118,asia,MN,0.00025
118,asia,MW,7e-06
118,asia,MF,6e-06
118,asia,WMF,6e-06
118,asia,PE,7e-06
119,asia,MN,0.000252
119,asia,MW,7e-06
119,asia,MF,7e-06
119,asia,WMF,6e-06
119,asia,PE,6e-06
120,asia,MN,0.000249
120,asia,MW,6e-06
120,asia,MF,7e-06
120,asia,WMF,6e-06
120,asia,PE,6e-06
121,asia,MN,0.00025
121,asia,MW,7e-06
121,asia,MF,6e-06
121,asia,WMF,6e-06
121,asia,PE,8e-06
122,asia,MN,0.00025
122,asia,MW,8e-06
122,asia,MF,9e-06
122,asia,WMF,7e-06
122,asia,PE,8e-06
123,asia,MN,0.000272
123,asia,MW,7e-06
123,asia,MF,6e-06
123,asia,WMF,7e-06
123,asia,PE,6e-06
124,asia,MN,0.000276
124,asia,MW,8e-06
124,asia,MF,7e-06
124,asia,WMF,7e-06
124,asia,PE,6e-06
125,asia,MN,0.000313
125,asia,MW,1.2e-05
125,asia,MF,1.3e-05
125,asia,WMF,8e-06
125,asia,PE,1.4e-05
126,asia,MN,0.000335
126,asia,MW,1.3e-05
126,asia,MF,1.3e-05
126,asia,WMF,8e-06
126,asia,PE,1.3e-05
127,asia,MN,0.000316
127,asia,MW,1.1e-05
127,asia,MF,1.3e-05
127,asia,WMF,8e-06
127,asia,PE,1.3e-05
128,asia,MN,0.000296
128,asia,MW,1e-05
128,asia,MF,9e-06
128,asia,WMF,8e-06
128,asia,PE,7e-06
129,asia,MN,0.000267
129,asia,MW,1.1e-05
129,asia,MF,1.4e-05
129,asia,WMF,9e-06
129,asia,PE,6e-06
130,asia,MN,0.000268
130,asia,MW,8e-06
130,asia,MF,7e-06
130,asia,WMF,6e-06
130,asia,PE,7e-06
131,asia,MN,0.000256
131,asia,MW,7e-06
131,asia,MF,7e-06
131,asia,WMF,7e-06
131,asia,PE,9e-06
132,asia,MN,0.000255
132,asia,MW,8e-06
132,asia,MF,7e-06
132,asia,WMF,7e-06
132,asia,PE,7e-06
133,asia,MN,0.000252
133,asia,MW,8e-06
133,asia,MF,8e-06
133,asia,WMF,7e-06
133,asia,PE,6e-06
134,asia,MN,0.000246
134,asia,MW,6e-06
134,asia,MF,7e-06
134,asia,WMF,7e-06
134,asia,PE,7e-06
135,asia,MN,0.000247
135,asia,MW,8e-06
135,asia,MF,6e-06
135,asia,WMF,6e-06
135,asia,PE,7e-06
136,asia,MN,0.000247
136,asia,MW,7e-06
136,asia,MF,6e-06
136,asia,WMF,7e-06
136,asia,PE,7e-06
137,asia,MN,0.000248
137,asia,MW,6e-06
137,asia,MF,7e-06
137,asia,WMF,6e-06
137,asia,PE,7e-06
138,asia,MN,0.000242
138,asia,MW,7e-06
138,asia,MF,7e-06
138,asia,WMF,7e-06
138,asia,PE,6e-06
139,asia,MN,0.000246
139,asia,MW,7e-06
139,asia,MF,8e-06
139,asia,WMF,7e-06
139,asia,PE,6e-06
140,asia,MN,0.000261
140,asia,MW,7e-06
140,asia,MF,6e-06
140,asia,WMF,7e-06
140,asia,PE,6e-06
141,asia,MN,0.000254
141,asia,MW,6e-06
141,asia,MF,6e-06
141,asia,WMF,7e-06
141,asia,PE,6e-06
142,asia,MN,0.000247
142,asia,MW,7e-06
142,asia,MF,7e-06
142,asia,WMF,7e-06
142,asia,PE,7e-06
143,asia,MN,0.000251
143,asia,MW,7e-06
143,asia,MF,7e-06
143,asia,WMF,6e-06
143,asia,PE,6e-06
144,asia,MN,0.000248
144,asia,MW,7e-06
144,asia,MF,7e-06
144,asia,WMF,7e-06
144,asia,PE,6e-06
145,asia,MN,0.00025
145,asia,MW,7e-06
145,asia,MF,7e-06
145,asia,WMF,6e-06
145,asia,PE,6e-06
146,asia,MN,0.000248
146,asia,MW,7e-06
146,asia,MF,8e-06
146,asia,WMF,7e-06
146,asia,PE,7e-06
147,asia,MN,0.00025
147,asia,MW,7e-06
147,asia,MF,6e-06
147,asia,WMF,7e-06
147,asia,PE,7e-06
148,asia,MN,0.000246
148,asia,MW,8e-06
148,asia,MF,7e-06
148,asia,WMF,8e-06
148,asia,PE,6e-06
149,asia,MN,0.000249
149,asia,MW,6e-06
149,asia,MF,6e-06
149,asia,WMF,6e-06
149,asia,PE,7e-06
150,asia,MN,0.000247
150,asia,MW,8e-06
150,asia,MF,7e-06
150,asia,WMF,7e-06
150,asia,PE,6e-06
151,asia,MN,0.00025
151,asia,MW,7e-06
151,asia,MF,7e-06
151,asia,WMF,7e-06
151,asia,PE,6e-06
152,asia,MN,0.000258
152,asia,MW,7e-06
152,asia,MF,6e-06
152,asia,WMF,6e-06
152,asia,PE,6e-06
153,asia,MN,0.000255
153,asia,MW,9e-06
153,asia,MF,2e-05
153,asia,WMF,7e-06
153,asia,PE,7e-06
154,asia,MN,0.000301
154,asia,MW,7e-06
154,asia,MF,8e-06
154,asia,WMF,7e-06
154,asia,PE,6e-06
155,asia,MN,0.00027
155,asia,MW,8e-06
155,asia,MF,7e-06
155,asia,WMF,7e-06
155,asia,PE,7e-06
156,asia,MN,0.000283
156,asia,MW,9e-06
156,asia,MF,7e-06
156,asia,WMF,8e-06
156,asia,PE,6e-06
157,asia,MN,0.000269
157,asia,MW,1.2e-05
157,asia,MF,1e-05
157,asia,WMF,7e-06
157,asia,PE,7e-06
158,asia,MN,0.000282
158,asia,MW,8e-06
158,asia,MF,6e-06
158,asia,WMF,8e-06
158,asia,PE,7e-06
159,asia,MN,0.000261
159,asia,MW,1.1e-05
159,asia,MF,1.7e-05
159,asia,WMF,8e-06
159,asia,PE,6e-06
160,asia,MN,0.000248
160,asia,MW,7e-06
160,asia,MF,7e-06
160,asia,WMF,6e-06
160,asia,PE,7e-06
161,asia,MN,0.000288
161,asia,MW,8e-06
161,asia,MF,6e-06
161,asia,WMF,7e-06
161,asia,PE,6e-06
162,asia,MN,0.000274
162,asia,MW,7e-06
162,asia,MF,6e-06
162,asia,WMF,6e-06
162,asia,PE,7e-06
163,asia,MN,0.000248
163,asia,MW,8e-06
163,asia,MF,7e-06
163,asia,WMF,7e-06
163,asia,PE,6e-06
164,asia,MN,0.000244
164,asia,MW,6e-06
164,asia,MF,6e-06
164,asia,WMF,7e-06
164,asia,PE,6e-06
165,asia,MN,0.000244
165,asia,MW,7e-06
165,asia,MF,6e-06
165,asia,WMF,6e-06
165,asia,PE,7e-06
166,asia,MN,0.000242
166,asia,MW,7e-06
166,asia,MF,7e-06
166,asia,WMF,7e-06
166,asia,PE,6e-06
167,asia,MN,0.000246
167,asia,MW,8e-06
167,asia,MF,7e-06
167,asia,WMF,7e-06
167,asia,PE,7e-06
168,asia,MN,0.000326
168,asia,MW,9e-06
168,asia,MF,9e-06
168,asia,WMF,1.2e-05
168,asia,PE,9e-06
169,asia,MN,0.000334
169,asia,MW,7e-06
169,asia,MF,7e-06
169,asia,WMF,8e-06
169,asia,PE,8e-06
170,asia,MN,0.000286
170,asia,MW,1.7e-05
170,asia,MF,8e-06
170,asia,WMF,7e-06
170,asia,PE,7e-06
171,asia,MN,0.000286
171,asia,MW,8e-06
171,asia,MF,7e-06
171,asia,WMF,6e-06
171,asia,PE,1.7e-05
172,asia,MN,0.000277
172,asia,MW,8e-06
172,asia,MF,8e-06
172,asia,WMF,7e-06
172,asia,PE,8e-06
173,asia,MN,0.000301
173,asia,MW,7e-06
173,asia,MF,8e-06
173,asia,WMF,6e-06
173,asia,PE,6e-06
174,asia,MN,0.000251
174,asia,MW,7e-06
174,asia,MF,6e-06
174,asia,WMF,6e-06
174,asia,PE,6e-06
175,asia,MN,0.000247
175,asia,MW,7e-06
175,asia,MF,7e-06
175,asia,WMF,6e-06
175,asia,PE,6e-06
176,asia,MN,0.000276
176,asia,MW,8e-06
176,asia,MF,7e-06
176,asia,WMF,6e-06
176,asia,PE,6e-06
177,asia,MN,0.000246
177,asia,MW,7e-06
177,asia,MF,7e-06
177,asia,WMF,7e-06
177,asia,PE,6e-06
178,asia,MN,0.000255
178,asia,MW,8e-06
178,asia,MF,7e-06
178,asia,WMF,8e-06
178,asia,PE,6e-06
179,asia,MN,0.000249
179,asia,MW,6e-06
179,asia,MF,6e-06
179,asia,WMF,6e-06
179,asia,PE,6e-06
180,asia,MN,0.000249
180,asia,MW,7e-06
180,asia,MF,7e-06
180,asia,WMF,6e-06
180,asia,PE,7e-06
181,asia,MN,0.000247
181,asia,MW,6e-06
181,asia,MF,6e-06
181,asia,WMF,7e-06
181,asia,PE,6e-06
182,asia,MN,0.000251
182,asia,MW,8e-06
182,asia,MF,8e-06
182,asia,WMF,7e-06
182,asia,PE,7e-06
183,asia,MN,0.000248
183,asia,MW,8e-06
183,asia,MF,7e-06
183,asia,WMF,7e-06
183,asia,PE,7e-06
184,asia,MN,0.000255
184,asia,MW,6e-06
184,asia,MF,6e-06
184,asia,WMF,6e-06
184,asia,PE,7e-06
185,asia,MN,0.000249
185,asia,MW,7e-06
185,asia,MF,6e-06
185,asia,WMF,6e-06
185,asia,PE,8e-06
186,asia,MN,0.000251
186,asia,MW,7e-06
186,asia,MF,7e-06
186,asia,WMF,7e-06
186,asia,PE,6e-06
187,asia,MN,0.000247
187,asia,MW,7e-06
187,asia,MF,6e-06
187,asia,WMF,6e-06
187,asia,PE,6e-06
188,asia,MN,0.000251
188,asia,MW,8e-06
188,asia,MF,6e-06
188,asia,WMF,7e-06
188,asia,PE,2.2e-05
189,asia,MN,0.000316
189,asia,MW,8e-06
189,asia,MF,8e-06
189,asia,WMF,8e-06
189,asia,PE,6e-06
190,asia,MN,0.000248
190,asia,MW,8e-06
190,asia,MF,7e-06
190,asia,WMF,6e-06
190,asia,PE,8e-06
191,asia,MN,0.000249
191,asia,MW,8e-06
191,asia,MF,6e-06
191,asia,WMF,7e-06
191,asia,PE,6e-06
192,asia,MN,0.000244
192,asia,MW,6e-06
192,asia,MF,6e-06
192,asia,WMF,6e-06
192,asia,PE,7e-06
193,asia,MN,0.000247
193,asia,MW,8e-06
193,asia,MF,7e-06
193,asia,WMF,7e-06
193,asia,PE,6e-06
194,asia,MN,0.000242
194,asia,MW,8e-06
194,asia,MF,7e-06
194,asia,WMF,6e-06
194,asia,PE,7e-06
195,asia,MN,0.000245
195,asia,MW,7e-06
195,asia,MF,6e-06
195,asia,WMF,7e-06
195,asia,PE,6e-06
196,asia,MN,0.000243
196,asia,MW,8e-06
196,asia,MF,6e-06
196,asia,WMF,6e-06
196,asia,PE,6e-06
197,asia,MN,0.000246
197,asia,MW,7e-06
197,asia,MF,7e-06
197,asia,WMF,7e-06
197,asia,PE,6e-06
198,asia,MN,0.000241
198,asia,MW,7e-06
198,asia,MF,6e-06
198,asia,WMF,7e-06
198,asia,PE,7e-06
199,asia,MN,0.000244
199,asia,MW,8e-06
199,asia,MF,7e-06
199,asia,WMF,7e-06
199,asia,PE,6e-06
200,asia,MN,0.000241
200,asia,MW,6e-06
200,asia,MF,8e-06
200,asia,WMF,7e-06
200,asia,PE,6e-06
201,asia,MN,0.000244
201,asia,MW,7e-06
201,asia,MF,6e-06
201,asia,WMF,7e-06
201,asia,PE,7e-06
202,asia,MN,0.00024
202,asia,MW,7e-06
202,asia,MF,7e-06
202,asia,WMF,7e-06
202,asia,PE,7e-06
203,asia,MN,0.000244
203,asia,MW,7e-06
203,asia,MF,6e-06
203,asia,WMF,6e-06
203,asia,PE,6e-06
204,asia,MN,0.000242
204,asia,MW,8e-06
204,asia,MF,7e-06
204,asia,WMF,7e-06
204,asia,PE,6e-06
205,asia,MN,0.000247
205,asia,MW,7e-06
205,asia,MF,2e-05
205,asia,WMF,4.6e-05
205,asia,PE,1e-05
206,asia,MN,0.000475
206,asia,MW,2.1e-05
206,asia,MF,1.2e-05
206,asia,WMF,8e-06
206,asia,PE,1.2e-05
207,asia,MN,0.000283
207,asia,MW,1.4e-05
207,asia,MF,1.7e-05
207,asia,WMF,4.5e-05
207,asia,PE,1.3e-05
208,asia,MN,0.000347
208,asia,MW,9e-06
208,asia,MF,1.3e-05
208,asia,WMF,1.1e-05
208,asia,PE,7e-06
209,asia,MN,0.000333
209,asia,MW,1e-05
209,asia,MF,7e-06
209,asia,WMF,1.1e-05
209,asia,PE,1.2e-05
210,asia,MN,0.000266
210,asia,MW,8e-06
210,asia,MF,6e-06
210,asia,WMF,7e-06
210,asia,PE,7e-06
211,asia,MN,0.000249
211,asia,MW,7e-06
211,asia,MF,6e-06
211,asia,WMF,8e-06
211,asia,PE,6e-06
212,asia,MN,0.000248
212,asia,MW,7e-06
212,asia,MF,7e-06
212,asia,WMF,6e-06
212,asia,PE,5e-06
213,asia,MN,0.000244
213,asia,MW,7e-06
213,asia,MF,7e-06
213,asia,WMF,7e-06
213,asia,PE,6e-06
214,asia,MN,0.000245
214,asia,MW,8e-06
214,asia,MF,7e-06
214,asia,WMF,6e-06
214,asia,PE,6e-06
215,asia,MN,0.000241
215,asia,MW,8e-06
215,asia,MF,6e-06
215,asia,WMF,7e-06
215,asia,PE,6e-06
216,asia,MN,0.000245
216,asia,MW,7e-06
216,asia,MF,6e-06
216,asia,WMF,6e-06
216,asia,PE,7e-06
217,asia,MN,0.000241
217,asia,MW,7e-06
217,asia,MF,7e-06
217,asia,WMF,7e-06
217,asia,PE,7e-06
218,asia,MN,0.000246
218,asia,MW,6e-06
218,asia,MF,6e-06
218,asia,WMF,6e-06
218,asia,PE,7e-06
219,asia,MN,0.000243
219,asia,MW,8e-06
219,asia,MF,1e-05
219,asia,WMF,9e-06
219,asia,PE,7e-06
220,asia,MN,0.000282
220,asia,MW,8e-06
220,asia,MF,1.3e-05
220,asia,WMF,7e-06
220,asia,PE,6e-06
221,asia,MN,0.000323
221,asia,MW,9e-06
221,asia,MF,7e-06
221,asia,WMF,6e-06
221,asia,PE,7e-06
222,asia,MN,0.000255
222,asia,MW,8e-06
222,asia,MF,6e-06
222,asia,WMF,8e-06
222,asia,PE,7e-06
223,asia,MN,0.000253
223,asia,MW,8e-06
223,asia,MF,6e-06
223,asia,WMF,7e-06
223,asia,PE,6e-06
224,asia,MN,0.000247
224,asia,MW,6e-06
224,asia,MF,7e-06
224,asia,WMF,7e-06
224,asia,PE,7e-06
225,asia,MN,0.000251
225,asia,MW,7e-06
225,asia,MF,1e-05
225,asia,WMF,8e-06
225,asia,PE,6e-06
226,asia,MN,0.000266
226,asia,MW,8e-06
226,asia,MF,6e-06
226,asia,WMF,1e-05
226,asia,PE,7e-06
227,asia,MN,0.000277
227,asia,MW,1.4e-05
227,asia,MF,1.5e-05
227,asia,WMF,1.3e-05
227,asia,PE,8e-06
228,asia,MN,0.000329
228,asia,MW,1.3e-05
228,asia,MF,1.7e-05
228,asia,WMF,1.1e-05
228,asia,PE,8e-06
229,asia,MN,0.0003
229,asia,MW,1.3e-05
229,asia,MF,9e-06
229,asia,WMF,1.1e-05
229,asia,PE,8e-06
230,asia,MN,0.000295
230,asia,MW,8e-06
230,asia,MF,7e-06
230,asia,WMF,1.3e-05
230,asia,PE,1.1e-05
231,asia,MN,0.000322
231,asia,MW,1.6e-05
231,asia,MF,9e-06
231,asia,WMF,7e-06
231,asia,PE,8e-06
232,asia,MN,0.000281
232,asia,MW,6e-06
232,asia,MF,8e-06
232,asia,WMF,7e-06
232,asia,PE,7e-06
233,asia,MN,0.000257
233,asia,MW,6e-06
233,asia,MF,6e-06
233,asia,WMF,7e-06
233,asia,PE,8e-06
234,asia,MN,0.000255
234,asia,MW,8e-06
234,asia,MF,7e-06
234,asia,WMF,6e-06
234,asia,PE,6e-06
235,asia,MN,0.00025
235,asia,MW,8e-06
235,asia,MF,8e-06
235,asia,WMF,7e-06
235,asia,PE,6e-06
236,asia,MN,0.000254
236,asia,MW,7e-06
236,asia,MF,7e-06
236,asia,WMF,1e-05
236,asia,PE,8e-06
237,asia,MN,0.000259
237,asia,MW,8e-06
237,asia,MF,8e-06
237,asia,WMF,7e-06
237,asia,PE,7e-06
238,asia,MN,0.000253
238,asia,MW,7e-06
238,asia,MF,6e-06
238,asia,WMF,7e-06
238,asia,PE,6e-06
239,asia,MN,0.000244
239,asia,MW,8e-06
239,asia,MF,7e-06
239,asia,WMF,7e-06
239,asia,PE,8e-06
240,asia,MN,0.000247
240,asia,MW,7e-06
240,asia,MF,6e-06
240,asia,WMF,6e-06
240,asia,PE,6e-06
241,asia,MN,0.000244
241,asia,MW,7e-06
241,asia,MF,7e-06
241,asia,WMF,7e-06
241,asia,PE,6e-06
242,asia,MN,0.000246
242,asia,MW,6e-06
242,asia,MF,6e-06
242,asia,WMF,6e-06
242,asia,PE,7e-06
243,asia,MN,0.000242
243,asia,MW,8e-06
243,asia,MF,7e-06
243,asia,WMF,7e-06
243,asia,PE,7e-06
244,asia,MN,0.000245
244,asia,MW,6e-06
244,asia,MF,7e-06
244,asia,WMF,7e-06
244,asia,PE,7e-06
245,asia,MN,0.000241
245,asia,MW,6e-06
245,asia,MF,7e-06
245,asia,WMF,7e-06
245,asia,PE,7e-06
246,asia,MN,0.000244
246,asia,MW,6e-06
246,asia,MF,6e-06
246,asia,WMF,6e-06
246,asia,PE,7e-06
247,asia,MN,0.000241
247,asia,MW,7e-06
247,asia,MF,7e-06
247,asia,WMF,7e-06
247,asia,PE,5e-06
248,asia,MN,0.000244
248,asia,MW,7e-06
248,asia,MF,7e-06
248,asia,WMF,7e-06
248,asia,PE,6e-06
249,asia,MN,0.000242
249,asia,MW,6e-06
249,asia,MF,7e-06
249,asia,WMF,6e-06
249,asia,PE,6e-06
250,asia,MN,0.000244
250,asia,MW,8e-06
250,asia,MF,8e-06
250,asia,WMF,7e-06
250,asia,PE,7e-06
251,asia,MN,0.000241
251,asia,MW,6e-06
251,asia,MF,7e-06
251,asia,WMF,6e-06
251,asia,PE,7e-06
252,asia,MN,0.000244
252,asia,MW,7e-06
252,asia,MF,6e-06
252,asia,WMF,6e-06
252,asia,PE,7e-06
253,asia,MN,0.000246
253,asia,MW,7e-06
253,asia,MF,7e-06
253,asia,WMF,7e-06
253,asia,PE,7e-06
254,asia,MN,0.00025
254,asia,MW,2e-05
254,asia,MF,7e-06
254,asia,WMF,8e-06
254,asia,PE,7e-06
255,asia,MN,0.000304
255,asia,MW,8e-06
255,asia,MF,1.2e-05
255,asia,WMF,9e-06
255,asia,PE,7e-06
256,asia,MN,0.000281
256,asia,MW,8e-06
256,asia,MF,7e-06
256,asia,WMF,1.9e-05
256,asia,PE,1.5e-05
257,asia,MN,0.00031
257,asia,MW,1.6e-05
257,asia,MF,8e-06
257,asia,WMF,7e-06
257,asia,PE,1.5e-05
258,asia,MN,0.000354
258,asia,MW,8e-06
258,asia,MF,6e-06
258,asia,WMF,1.4e-05
258,asia,PE,7e-06
259,asia,MN,0.000293
259,asia,MW,8e-06
259,asia,MF,8e-06
259,asia,WMF,7e-06
259,asia,PE,7e-06
260,asia,MN,0.000255
260,asia,MW,7e-06
260,asia,MF,6e-06
260,asia,WMF,7e-06
260,asia,PE,8e-06
261,asia,MN,0.000249
261,asia,MW,7e-06
261,asia,MF,7e-06
261,asia,WMF,7e-06
261,asia,PE,7e-06
262,asia,MN,0.000253
262,asia,MW,6e-06
262,asia,MF,6e-06
262,asia,WMF,6e-06
262,asia,PE,7e-06
263,asia,MN,0.000246
263,asia,MW,7e-06
263,asia,MF,6e-06
263,asia,WMF,6e-06
263,asia,PE,6e-06
264,asia,MN,0.000249
264,asia,MW,7e-06
264,asia,MF,6e-06
264,asia,WMF,6e-06
264,asia,PE,6e-06
265,asia,MN,0.000246
265,asia,MW,7e-06
265,asia,MF,8e-06
265,asia,WMF,6e-06
265,asia,PE,7e-06
266,asia,MN,0.000253
266,asia,MW,7e-06
266,asia,MF,6e-06
266,asia,WMF,7e-06
266,asia,PE,8e-06
267,asia,MN,0.000249
267,asia,MW,8e-06
267,asia,MF,7e-06
267,asia,WMF,7e-06
267,asia,PE,7e-06
268,asia,MN,0.000254
268,asia,MW,8e-06
268,asia,MF,7e-06
268,asia,WMF,8e-06
268,asia,PE,6e-06
269,asia,MN,0.000314
269,asia,MW,7e-06
269,asia,MF,7e-06
269,asia,WMF,1.3e-05
269,asia,PE,9e-06
270,asia,MN,0.000278
270,asia,MW,1e-05
270,asia,MF,6e-06
270,asia,WMF,7e-06
270,asia,PE,7e-06
271,asia,MN,0.000263
271,asia,MW,7e-06
271,asia,MF,6e-06
271,asia,WMF,6e-06
271,asia,PE,6e-06
272,asia,MN,0.000249
272,asia,MW,7e-06
272,asia,MF,6e-06
272,asia,WMF,7e-06
272,asia,PE,7e-06
273,asia,MN,0.000244
273,asia,MW,6e-06
273,asia,MF,7e-06
273,asia,WMF,7e-06
273,asia,PE,7e-06
274,asia,MN,0.000275
274,asia,MW,7e-06
274,asia,MF,1e-05
274,asia,WMF,8e-06
274,asia,PE,7e-06
275,asia,MN,0.000268
275,asia,MW,7e-06
275,asia,MF,6e-06
275,asia,WMF,7e-06
275,asia,PE,7e-06
276,asia,MN,0.000255
276,asia,MW,7e-06
276,asia,MF,7e-06
276,asia,WMF,8e-06
276,asia,PE,7e-06
277,asia,MN,0.000253
277,asia,MW,8e-06
277,asia,MF,7e-06
277,asia,WMF,7e-06
277,asia,PE,6e-06
278,asia,MN,0.000248
278,asia,MW,1e-05
278,asia,MF,7e-06
278,asia,WMF,9e-06
278,asia,PE,8e-06
279,asia,MN,0.000255
279,asia,MW,6e-06
279,asia,MF,6e-06
279,asia,WMF,7e-06
279,asia,PE,7e-06
280,asia,MN,0.000249
280,asia,MW,8e-06
280,asia,MF,8e-06
280,asia,WMF,6e-06
280,asia,PE,6e-06
281,asia,MN,0.000252
281,asia,MW,6e-06
281,asia,MF,7e-06
281,asia,WMF,7e-06
281,asia,PE,7e-06
282,asia,MN,0.000248
282,asia,MW,8e-06
282,asia,MF,7e-06
282,asia,WMF,7e-06
282,asia,PE,7e-06
283,asia,MN,0.000252
283,asia,MW,6e-06
283,asia,MF,7e-06
283,asia,WMF,6e-06
283,asia,PE,7e-06
284,asia,MN,0.000247
284,asia,MW,6e-06
284,asia,MF,6e-06
284,asia,WMF,6e-06
284,asia,PE,7e-06
285,asia,MN,0.000252
285,asia,MW,8e-06
285,asia,MF,7e-06
285,asia,WMF,6e-06
285,asia,PE,6e-06
286,asia,MN,0.000247
286,asia,MW,6e-06
286,asia,MF,7e-06
286,asia,WMF,6e-06
286,asia,PE,6e-06
287,asia,MN,0.000251
287,asia,MW,7e-06
287,asia,MF,7e-06
287,asia,WMF,6e-06
287,asia,PE,6e-06
288,asia,MN,0.000246
288,asia,MW,7e-06
288,asia,MF,7e-06
288,asia,WMF,7e-06
288,asia,PE,6e-06
289,asia,MN,0.000252
289,asia,MW,7e-06
289,asia,MF,8e-06
289,asia,WMF,7e-06
289,asia,PE,6e-06
290,asia,MN,0.000247
290,asia,MW,7e-06
290,asia,MF,7e-06
290,asia,WMF,7e-06
290,asia,PE,7e-06
291,asia,MN,0.000249
291,asia,MW,7e-06
291,asia,MF,7e-06
291,asia,WMF,6e-06
291,asia,PE,7e-06
292,asia,MN,0.000245
292,asia,MW,7e-06
292,asia,MF,7e-06
292,asia,WMF,7e-06
292,asia,PE,7e-06
293,asia,MN,0.00025
293,asia,MW,8e-06
293,asia,MF,7e-06
293,asia,WMF,7e-06
293,asia,PE,6e-06
294,asia,MN,0.000247
294,asia,MW,7e-06
294,asia,MF,6e-06
294,asia,WMF,6e-06
294,asia,PE,7e-06
295,asia,MN,0.000279
295,asia,MW,7e-06
295,asia,MF,7e-06
295,asia,WMF,7e-06
295,asia,PE,7e-06
296,asia,MN,0.000247
296,asia,MW,6e-06
296,asia,MF,6e-06
296,asia,WMF,6e-06
296,asia,PE,6e-06
297,asia,MN,0.000248
297,asia,MW,7e-06
297,asia,MF,6e-06
297,asia,WMF,6e-06
297,asia,PE,6e-06
298,asia,MN,0.000247
298,asia,MW,7e-06
298,asia,MF,7e-06
298,asia,WMF,6e-06
298,asia,PE,6e-06
299,asia,MN,0.000249
299,asia,MW,7e-06
299,asia,MF,7e-06
299,asia,WMF,6e-06
299,asia,PE,6e-06
300,asia,MN,0.000245
300,asia,MW,6e-06
300,asia,MF,6e-06
300,asia,WMF,6e-06
300,asia,PE,7e-06
301,asia,MN,0.000248
301,asia,MW,7e-06
301,asia,MF,6e-06
301,asia,WMF,8e-06
301,asia,PE,7e-06
302,asia,MN,0.000245
302,asia,MW,7e-06
302,asia,MF,6e-06
302,asia,WMF,6e-06
302,asia,PE,6e-06
303,asia,MN,0.000248
303,asia,MW,7e-06
303,asia,MF,6e-06
303,asia,WMF,6e-06
303,asia,PE,7e-06
304,asia,MN,0.000244
304,asia,MW,8e-06
304,asia,MF,8e-06
304,asia,WMF,8e-06
304,asia,PE,7e-06
305,asia,MN,0.00025
305,asia,MW,7e-06
305,asia,MF,7e-06
305,asia,WMF,7e-06
305,asia,PE,7e-06
306,asia,MN,0.000244
306,asia,MW,7e-06
306,asia,MF,6e-06
306,asia,WMF,6e-06
306,asia,PE,2.6e-05
307,asia,MN,0.000456
307,asia,MW,1.4e-05
307,asia,MF,1.5e-05
307,asia,WMF,1.8e-05
307,asia,PE,1e-05
308,asia,MN,0.000351
308,asia,MW,2e-05
308,asia,MF,1.4e-05
308,asia,WMF,1.8e-05
308,asia,PE,1.4e-05
309,asia,MN,0.000287
309,asia,MW,1e-05
309,asia,MF,8e-06
309,asia,WMF,7e-06
309,asia,PE,7e-06
310,asia,MN,0.000281
310,asia,MW,1.1e-05
310,asia,MF,8e-06
310,asia,WMF,1.3e-05
310,asia,PE,1e-05
311,asia,MN,0.000268
311,asia,MW,8e-06
311,asia,MF,6e-06
311,asia,WMF,8e-06
311,asia,PE,7e-06
312,asia,MN,0.000256
312,asia,MW,7e-06
312,asia,MF,7e-06
312,asia,WMF,6e-06
312,asia,PE,7e-06
313,asia,MN,0.000252
313,asia,MW,7e-06
313,asia,MF,6e-06
313,asia,WMF,7e-06
313,asia,PE,7e-06
314,asia,MN,0.000254
314,asia,MW,7e-06
314,asia,MF,7e-06
314,asia,WMF,8e-06
314,asia,PE,7e-06
315,asia,MN,0.000249
315,asia,MW,6e-06
315,asia,MF,7e-06
315,asia,WMF,6e-06
315,asia,PE,6e-06
316,asia,MN,0.000252
316,asia,MW,8e-06
316,asia,MF,7e-06
316,asia,WMF,7e-06
316,asia,PE,6e-06
317,asia,MN,0.000248
317,asia,MW,7e-06
317,asia,MF,7e-06
317,asia,WMF,7e-06
317,asia,PE,7e-06
318,asia,MN,0.000253
318,asia,MW,7e-06
318,asia,MF,7e-06
318,asia,WMF,7e-06
318,asia,PE,6e-06
319,asia,MN,0.000249
319,asia,MW,8e-06
319,asia,MF,8e-06
319,asia,WMF,7e-06
319,asia,PE,6e-06
320,asia,MN,0.000257
320,asia,MW,7e-06
320,asia,MF,8e-06
320,asia,WMF,7e-06
320,asia,PE,6e-06
321,asia,MN,0.000249
321,asia,MW,8e-06
321,asia,MF,7e-06
321,asia,WMF,7e-06
321,asia,PE,6e-06
322,asia,MN,0.00025
322,asia,MW,7e-06
322,asia,MF,6e-06
322,asia,WMF,6e-06
322,asia,PE,7e-06
323,asia,MN,0.000247
323,asia,MW,7e-06
323,asia,MF,8e-06
323,asia,WMF,7e-06
323,asia,PE,6e-06
324,asia,MN,0.000251
324,asia,MW,8e-06
324,asia,MF,7e-06
324,asia,WMF,7e-06
324,asia,PE,7e-06
325,asia,MN,0.000282
325,asia,MW,1.1e-05
325,asia,MF,1.3e-05
325,asia,WMF,9e-06
325,asia,PE,6e-06
326,asia,MN,0.000257
326,asia,MW,9e-06
326,asia,MF,7e-06
326,asia,WMF,6e-06
326,asia,PE,6e-06
327,asia,MN,0.000247
327,asia,MW,7e-06
327,asia,MF,6e-06
327,asia,WMF,6e-06
327,asia,PE,7e-06
328,asia,MN,0.000333
328,asia,MW,1.5e-05
328,asia,MF,1.1e-05
328,asia,WMF,1.1e-05
328,asia,PE,1.2e-05
329,asia,MN,0.000364
329,asia,MW,1.2e-05
329,asia,MF,1.3e-05
329,asia,WMF,8e-06
329,asia,PE,9e-06
330,asia,MN,0.000296
330,asia,MW,1e-05
330,asia,MF,1.3e-05
330,asia,WMF,8e-06
330,asia,PE,1.3e-05
331,asia,MN,0.00031
331,asia,MW,1.3e-05
331,asia,MF,1.2e-05
331,asia,WMF,9e-06
331,asia,PE,1.2e-05
332,asia,MN,0.000313
332,asia,MW,1.3e-05
332,asia,MF,8e-06
332,asia,WMF,1e-05
332,asia,PE,1e-05
333,asia,MN,0.000294
333,asia,MW,1.2e-05
333,asia,MF,1.2e-05
333,asia,WMF,9e-06
333,asia,PE,9e-06
334,asia,MN,0.000292
334,asia,MW,1.2e-05
334,asia,MF,8e-06
334,asia,WMF,1e-05
334,asia,PE,1e-05
335,asia,MN,0.000336
335,asia,MW,1.2e-05
335,asia,MF,1.2e-05
335,asia,WMF,1e-05
335,asia,PE,9e-06
336,asia,MN,0.000328
336,asia,MW,1.1e-05
336,asia,MF,1.2e-05
336,asia,WMF,1.3e-05
336,asia,PE,1.1e-05
337,asia,MN,0.00033
337,asia,MW,1.2e-05
337,asia,MF,1.2e-05
337,asia,WMF,1e-05
337,asia,PE,9e-06
338,asia,MN,0.0003
338,asia,MW,1.3e-05
338,asia,MF,9e-06
338,asia,WMF,1e-05
338,asia,PE,8e-06
339,asia,MN,0.000287
339,asia,MW,1.2e-05
339,asia,MF,1.1e-05
339,asia,WMF,1e-05
339,asia,PE,1e-05
340,asia,MN,0.000291
340,asia,MW,1.3e-05
340,asia,MF,1.2e-05
340,asia,WMF,1.1e-05
340,asia,PE,1.2e-05
341,asia,MN,0.000313
341,asia,MW,1e-05
341,asia,MF,7e-06
341,asia,WMF,1.2e-05
341,asia,PE,7e-06
342,asia,MN,0.00027
342,asia,MW,8e-06
342,asia,MF,8e-06
342,asia,WMF,7e-06
342,asia,PE,7e-06
343,asia,MN,0.000251
343,asia,MW,7e-06
343,asia,MF,7e-06
343,asia,WMF,7e-06
343,asia,PE,7e-06
344,asia,MN,0.000254
344,asia,MW,6e-06
344,asia,MF,6e-06
344,asia,WMF,7e-06
344,asia,PE,7e-06
345,asia,MN,0.000271
345,asia,MW,8e-06
345,asia,MF,7e-06
345,asia,WMF,6e-06
345,asia,PE,7e-06
346,asia,MN,0.000254
346,asia,MW,6e-06
346,asia,MF,6e-06
346,asia,WMF,6e-06
346,asia,PE,6e-06
347,asia,MN,0.000248
347,asia,MW,1e-05
347,asia,MF,8e-06
347,asia,WMF,8e-06
347,asia,PE,7e-06
348,asia,MN,0.000266
348,asia,MW,7e-06
348,asia,MF,7e-06
348,asia,WMF,7e-06
348,asia,PE,6e-06
349,asia,MN,0.000254
349,asia,MW,8e-06
349,asia,MF,6e-06
349,asia,WMF,6e-06
349,asia,PE,6e-06
350,asia,MN,0.000254
350,asia,MW,7e-06
350,asia,MF,2e-05
350,asia,WMF,7e-06
350,asia,PE,8e-06
351,asia,MN,0.0004
351,asia,MW,8e-06
351,asia,MF,7e-06
351,asia,WMF,1.8e-05
351,asia,PE,8e-06
352,asia,MN,0.000361
352,asia,MW,8e-06
352,asia,MF,2.1e-05
352,asia,WMF,7e-06
352,asia,PE,6e-06
353,asia,MN,0.000301
353,asia,MW,7e-06
353,asia,MF,3e-05
353,asia,WMF,1e-05
353,asia,PE,1e-05
354,asia,MN,0.00038
354,asia,MW,1.5e-05
354,asia,MF,9e-06
354,asia,WMF,8e-06
354,asia,PE,7e-06
355,asia,MN,0.000271
355,asia,MW,7e-06
355,asia,MF,7e-06
355,asia,WMF,8e-06
355,asia,PE,7e-06
356,asia,MN,0.000257
356,asia,MW,8e-06
356,asia,MF,7e-06
356,asia,WMF,7e-06
356,asia,PE,7e-06
357,asia,MN,0.000251
357,asia,MW,7e-06
357,asia,MF,7e-06
357,asia,WMF,6e-06
357,asia,PE,7e-06
358,asia,MN,0.000255
358,asia,MW,7e-06
358,asia,MF,6e-06
358,asia,WMF,7e-06
358,asia,PE,7e-06
359,asia,MN,0.00025
359,asia,MW,7e-06
359,asia,MF,8e-06
359,asia,WMF,7e-06
359,asia,PE,7e-06
360,asia,MN,0.000254
360,asia,MW,7e-06
360,asia,MF,7e-06
360,asia,WMF,7e-06
360,asia,PE,1.1e-05
361,asia,MN,0.000267
361,asia,MW,7e-06
361,asia,MF,8e-06
361,asia,WMF,7e-06
361,asia,PE,8e-06
362,asia,MN,0.000255
362,asia,MW,8e-06
362,asia,MF,8e-06
362,asia,WMF,7e-06
362,asia,PE,6e-06
363,asia,MN,0.000251
363,asia,MW,8e-06
363,asia,MF,7e-06
363,asia,WMF,7e-06
363,asia,PE,1.3e-05
364,asia,MN,0.000269
364,asia,MW,1.2e-05
364,asia,MF,7e-06
364,asia,WMF,7e-06
364,asia,PE,7e-06
365,asia,MN,0.000268
365,asia,MW,8e-06
365,asia,MF,7e-06
365,asia,WMF,8e-06
365,asia,PE,7e-06
366,asia,MN,0.000257
366,asia,MW,7e-06
366,asia,MF,8e-06
366,asia,WMF,7e-06
366,asia,PE,6e-06
367,asia,MN,0.00025
367,asia,MW,7e-06
367,asia,MF,1e-05
367,asia,WMF,1.2e-05
367,asia,PE,7e-06
368,asia,MN,0.0004
368,asia,MW,8e-06
368,asia,MF,6e-06
368,asia,WMF,7e-06
368,asia,PE,6e-06
369,asia,MN,0.00037
369,asia,MW,8e-06
369,asia,MF,2e-05
369,asia,WMF,1.1e-05
369,asia,PE,1e-05
370,asia,MN,0.000283
370,asia,MW,1e-05
370,asia,MF,1.4e-05
370,asia,WMF,1.3e-05
370,asia,PE,1.3e-05
371,asia,MN,0.000292
371,asia,MW,1.3e-05
371,asia,MF,1.4e-05
371,asia,WMF,1.4e-05
371,asia,PE,1.8e-05
372,asia,MN,0.000339
372,asia,MW,1.5e-05
372,asia,MF,9e-06
372,asia,WMF,1.2e-05
372,asia,PE,1.6e-05
373,asia,MN,0.000305
373,asia,MW,1e-05
373,asia,MF,8e-06
373,asia,WMF,9e-06
373,asia,PE,6e-06
374,asia,MN,0.000268
374,asia,MW,8e-06
374,asia,MF,8e-06
374,asia,WMF,8e-06
374,asia,PE,8e-06
375,asia,MN,0.000256
375,asia,MW,6e-06
375,asia,MF,7e-06
375,asia,WMF,6e-06
375,asia,PE,6e-06
376,asia,MN,0.000255
376,asia,MW,8e-06
376,asia,MF,7e-06
376,asia,WMF,7e-06
376,asia,PE,7e-06
377,asia,MN,0.00025
377,asia,MW,8e-06
377,asia,MF,6e-06
377,asia,WMF,6e-06
377,asia,PE,6e-06
378,asia,MN,0.000252
378,asia,MW,7e-06
378,asia,MF,6e-06
378,asia,WMF,6e-06
378,asia,PE,6e-06
379,asia,MN,0.000274
379,asia,MW,8e-06
379,asia,MF,8e-06
379,asia,WMF,7e-06
379,asia,PE,6e-06
380,asia,MN,0.000252
380,asia,MW,8e-06
380,asia,MF,7e-06
380,asia,WMF,7e-06
380,asia,PE,6e-06
381,asia,MN,0.000247
381,asia,MW,7e-06
381,asia,MF,8e-06
381,asia,WMF,1.2e-05
381,asia,PE,1.3e-05
382,asia,MN,0.000341
382,asia,MW,1e-05
382,asia,MF,1.2e-05
382,asia,WMF,1.1e-05
382,asia,PE,1.3e-05
383,asia,MN,0.000273
383,asia,MW,1.7e-05
383,asia,MF,8e-06
383,asia,WMF,7e-06
383,asia,PE,8e-06
384,asia,MN,0.000315
384,asia,MW,1e-05
384,asia,MF,1.1e-05
384,asia,WMF,1.1e-05
384,asia,PE,1.3e-05
385,asia,MN,0.000293
385,asia,MW,1.2e-05
385,asia,MF,1.2e-05
385,asia,WMF,1.3e-05
385,asia,PE,1.3e-05
386,asia,MN,0.00035
386,asia,MW,1.1e-05
386,asia,MF,1.7e-05
386,asia,WMF,1.2e-05
386,asia,PE,2.6e-05
387,asia,MN,0.000341
387,asia,MW,1.2e-05
387,asia,MF,1.1e-05
387,asia,WMF,1.4e-05
387,asia,PE,9e-06
388,asia,MN,0.000357
388,asia,MW,9e-06
388,asia,MF,1.4e-05
388,asia,WMF,1.3e-05
388,asia,PE,1.5e-05
389,asia,MN,0.000512
389,asia,MW,1.4e-05
389,asia,MF,1.4e-05
389,asia,WMF,1.3e-05
389,asia,PE,1.3e-05
390,asia,MN,0.000429
390,asia,MW,8e-06
390,asia,MF,7e-06
390,asia,WMF,6e-06
390,asia,PE,7e-06
391,asia,MN,0.000303
391,asia,MW,2.1e-05
391,asia,MF,1.7e-05
391,asia,WMF,1.5e-05
391,asia,PE,1.3e-05
392,asia,MN,0.000397
392,asia,MW,1.2e-05
392,asia,MF,1.1e-05
392,asia,WMF,1e-05
392,asia,PE,1e-05
393,asia,MN,0.000435
393,asia,MW,9e-06
393,asia,MF,7e-06
393,asia,WMF,1.8e-05
393,asia,PE,9e-06
394,asia,MN,0.000334
394,asia,MW,7e-06
394,asia,MF,7e-06
394,asia,WMF,2.3e-05
394,asia,PE,8e-06
395,asia,MN,0.000271
395,asia,MW,6e-06
395,asia,MF,7e-06
395,asia,WMF,6e-06
395,asia,PE,9e-06
396,asia,MN,0.000261
396,asia,MW,1e-05
396,asia,MF,7e-06
396,asia,WMF,6e-06
396,asia,PE,7e-06
397,asia,MN,0.00025
397,asia,MW,7e-06
397,asia,MF,8e-06
397,asia,WMF,7e-06
397,asia,PE,6e-06
398,asia,MN,0.000251
398,asia,MW,7e-06
398,asia,MF,7e-06
398,asia,WMF,7e-06
398,asia,PE,6e-06
399,asia,MN,0.000279
399,asia,MW,7e-06
399,asia,MF,7e-06
399,asia,WMF,7e-06
399,asia,PE,6e-06
400,asia,MN,0.00025
400,asia,MW,7e-06
400,asia,MF,7e-06
400,asia,WMF,7e-06
400,asia,PE,6e-06
401,asia,MN,0.000246
401,asia,MW,7e-06
401,asia,MF,7e-06
401,asia,WMF,7e-06
401,asia,PE,6e-06
402,asia,MN,0.00025
402,asia,MW,6e-06
402,asia,MF,7e-06
402,asia,WMF,7e-06
402,asia,PE,6e-06
403,asia,MN,0.000254
403,asia,MW,7e-06
403,asia,MF,7e-06
403,asia,WMF,6e-06
403,asia,PE,7e-06
404,asia,MN,0.000253
404,asia,MW,7e-06
404,asia,MF,7e-06
404,asia,WMF,8e-06
404,asia,PE,6e-06
405,asia,MN,0.000253
405,asia,MW,7e-06
405,asia,MF,7e-06
405,asia,WMF,7e-06
405,asia,PE,7e-06
406,asia,MN,0.00025
406,asia,MW,7e-06
406,asia,MF,7e-06
406,asia,WMF,6e-06
406,asia,PE,7e-06
407,asia,MN,0.000247
407,asia,MW,7e-06
407,asia,MF,6e-06
407,asia,WMF,1e-05
407,asia,PE,8e-06
408,asia,MN,0.000256
408,asia,MW,7e-06
408,asia,MF,6e-06
408,asia,WMF,7e-06
408,asia,PE,7e-06
409,asia,MN,0.000248
409,asia,MW,8e-06
409,asia,MF,7e-06
409,asia,WMF,7e-06
409,asia,PE,6e-06
410,asia,MN,0.00025
410,asia,MW,7e-06
410,asia,MF,7e-06
410,asia,WMF,6e-06
410,asia,PE,7e-06
411,asia,MN,0.000247
411,asia,MW,7e-06
411,asia,MF,7e-06
411,asia,WMF,7e-06
411,asia,PE,6e-06
412,asia,MN,0.00025
412,asia,MW,8e-06
412,asia,MF,7e-06
412,asia,WMF,7e-06
412,asia,PE,6e-06
413,asia,MN,0.000245
413,asia,MW,8e-06
413,asia,MF,8e-06
413,asia,WMF,7e-06
413,asia,PE,3e-05
414,asia,MN,0.000307
414,asia,MW,8e-06
414,asia,MF,8e-06
414,asia,WMF,7e-06
414,asia,PE,1e-05
415,asia,MN,0.000446
415,asia,MW,1.3e-05
415,asia,MF,9e-06
415,asia,WMF,1.2e-05
415,asia,PE,9e-06
416,asia,MN,0.0003
416,asia,MW,1.3e-05
416,asia,MF,8e-06
416,asia,WMF,1e-05
416,asia,PE,8e-06
417,asia,MN,0.000313
417,asia,MW,1.5e-05
417,asia,MF,1.1e-05
417,asia,WMF,1e-05
417,asia,PE,9e-06
418,asia,MN,0.00026
418,asia,MW,1e-05
418,asia,MF,1.1e-05
418,asia,WMF,7e-06
418,asia,PE,7e-06
419,asia,MN,0.000258
419,asia,MW,7e-06
419,asia,MF,6e-06
419,asia,WMF,8e-06
419,asia,PE,6e-06
420,asia,MN,0.000252
420,asia,MW,8e-06
420,asia,MF,7e-06
420,asia,WMF,7e-06
420,asia,PE,6e-06
421,asia,MN,0.000252
421,asia,MW,7e-06
421,asia,MF,7e-06
421,asia,WMF,7e-06
421,asia,PE,6e-06
422,asia,MN,0.00025
422,asia,MW,7e-06
422,asia,MF,8e-06
422,asia,WMF,7e-06
422,asia,PE,6e-06
423,asia,MN,0.00025
423,asia,MW,8e-06
423,asia,MF,6e-06
423,asia,WMF,7e-06
423,asia,PE,6e-06
424,asia,MN,0.000248
424,asia,MW,7e-06
424,asia,MF,6e-06
424,asia,WMF,6e-06
424,asia,PE,7e-06
425,asia,MN,0.000297
425,asia,MW,8e-06
425,asia,MF,8e-06
425,asia,WMF,7e-06
425,asia,PE,6e-06
426,asia,MN,0.000255
426,asia,MW,7e-06
426,asia,MF,6e-06
426,asia,WMF,7e-06
426,asia,PE,7e-06
427,asia,MN,0.000258
427,asia,MW,7e-06
427,asia,MF,1.3e-05
427,asia,WMF,8e-06
427,asia,PE,6e-06
428,asia,MN,0.000269
428,asia,MW,7e-06
428,asia,MF,8e-06
428,asia,WMF,7e-06
428,asia,PE,7e-06
429,asia,MN,0.000256
429,asia,MW,6e-06
429,asia,MF,8e-06
429,asia,WMF,1e-05
429,asia,PE,6e-06
430,asia,MN,0.000299
430,asia,MW,7e-06
430,asia,MF,8e-06
430,asia,WMF,8e-06
430,asia,PE,6e-06
431,asia,MN,0.000249
431,asia,MW,8e-06
431,asia,MF,7e-06
431,asia,WMF,6e-06
431,asia,PE,7e-06
432,asia,MN,0.000251
432,asia,MW,8e-06
432,asia,MF,6e-06
432,asia,WMF,6e-06
432,asia,PE,8e-06
433,asia,MN,0.000245
433,asia,MW,7e-06
433,asia,MF,7e-06
433,asia,WMF,7e-06
433,asia,PE,6e-06
434,asia,MN,0.000245
434,asia,MW,6e-06
434,asia,MF,6e-06
434,asia,WMF,6e-06
434,asia,PE,8e-06
435,asia,MN,0.000242
435,asia,MW,6e-06
435,asia,MF,6e-06
435,asia,WMF,6e-06
435,asia,PE,7e-06
436,asia,MN,0.000246
436,asia,MW,7e-06
436,asia,MF,7e-06
436,asia,WMF,7e-06
436,asia,PE,6e-06
437,asia,MN,0.000247
437,asia,MW,7e-06
437,asia,MF,6e-06
437,asia,WMF,6e-06
437,asia,PE,7e-06
438,asia,MN,0.000249
438,asia,MW,7e-06
438,asia,MF,7e-06
438,asia,WMF,7e-06
438,asia,PE,7e-06
439,asia,MN,0.000241
439,asia,MW,8e-06
439,asia,MF,7e-06
439,asia,WMF,7e-06
439,asia,PE,6e-06
440,asia,MN,0.000248
440,asia,MW,7e-06
440,asia,MF,2.2e-05
440,asia,WMF,1.7e-05
440,asia,PE,8e-06
441,asia,MN,0.000355
441,asia,MW,8e-06
441,asia,MF,9e-06
441,asia,WMF,1.2e-05
441,asia,PE,1e-05
442,asia,MN,0.000326
442,asia,MW,7e-06
442,asia,MF,8e-06
442,asia,WMF,1.6e-05
442,asia,PE,7e-06
443,asia,MN,0.000312
443,asia,MW,8e-06
443,asia,MF,6e-06
443,asia,WMF,1.6e-05
443,asia,PE,6e-06
444,asia,MN,0.000334
444,asia,MW,9e-06
444,asia,MF,8e-06
444,asia,WMF,7e-06
444,asia,PE,7e-06
445,asia,MN,0.000269
445,asia,MW,1.1e-05
445,asia,MF,1.8e-05
445,asia,WMF,8e-06
445,asia,PE,8e-06
446,asia,MN,0.000255
446,asia,MW,1.2e-05
446,asia,MF,8e-06
446,asia,WMF,7e-06
446,asia,PE,7e-06
447,asia,MN,0.00025
447,asia,MW,7e-06
447,asia,MF,6e-06
447,asia,WMF,6e-06
447,asia,PE,6e-06
448,asia,MN,0.000251
448,asia,MW,8e-06
448,asia,MF,6e-06
448,asia,WMF,6e-06
448,asia,PE,8e-06
449,asia,MN,0.000246
449,asia,MW,7e-06
449,asia,MF,7e-06
449,asia,WMF,7e-06
449,asia,PE,6e-06
450,asia,MN,0.000248
450,asia,MW,8e-06
450,asia,MF,7e-06
450,asia,WMF,6e-06
450,asia,PE,6e-06
451,asia,MN,0.000244
451,asia,MW,7e-06
451,asia,MF,6e-06
451,asia,WMF,6e-06
451,asia,PE,7e-06
452,asia,MN,0.000247
452,asia,MW,7e-06
452,asia,MF,7e-06
452,asia,WMF,6e-06
452,asia,PE,6e-06
453,asia,MN,0.000243
453,asia,MW,8e-06
453,asia,MF,7e-06
453,asia,WMF,7e-06
453,asia,PE,6e-06
454,asia,MN,0.000247
454,asia,MW,7e-06
454,asia,MF,7e-06
454,asia,WMF,7e-06
454,asia,PE,6e-06
455,asia,MN,0.000242
455,asia,MW,7e-06
455,asia,MF,7e-06
455,asia,WMF,6e-06
455,asia,PE,7e-06
456,asia,MN,0.000248
456,asia,MW,7e-06
456,asia,MF,7e-06
456,asia,WMF,7e-06
456,asia,PE,6e-06
457,asia,MN,0.000243
457,asia,MW,7e-06
457,asia,MF,6e-06
457,asia,WMF,5e-06
457,asia,PE,7e-06
458,asia,MN,0.000247
458,asia,MW,8e-06
458,asia,MF,7e-06
458,asia,WMF,6e-06
458,asia,PE,8e-06
459,asia,MN,0.000246
459,asia,MW,7e-06
459,asia,MF,7e-06
459,asia,WMF,6e-06
459,asia,PE,6e-06
460,asia,MN,0.000247
460,asia,MW,6e-06
460,asia,MF,6e-06
460,asia,WMF,6e-06
460,asia,PE,7e-06
461,asia,MN,0.000242
461,asia,MW,7e-06
461,asia,MF,7e-06
461,asia,WMF,7e-06
461,asia,PE,6e-06
462,asia,MN,0.000246
462,asia,MW,8e-06
462,asia,MF,7e-06
462,asia,WMF,7e-06
462,asia,PE,6e-06
463,asia,MN,0.000242
463,asia,MW,8e-06
463,asia,MF,7e-06
463,asia,WMF,9e-06
463,asia,PE,1e-05
464,asia,MN,0.000254
464,asia,MW,7e-06
464,asia,MF,1.4e-05
464,asia,WMF,9e-06
464,asia,PE,7e-06
465,asia,MN,0.00025
465,asia,MW,8e-06
465,asia,MF,7e-06
465,asia,WMF,6e-06
465,asia,PE,7e-06
466,asia,MN,0.000247
466,asia,MW,6e-06
466,asia,MF,6e-06
466,asia,WMF,7e-06
466,asia,PE,7e-06
467,asia,MN,0.000244
467,asia,MW,8e-06
467,asia,MF,7e-06
467,asia,WMF,6e-06
467,asia,PE,6e-06
468,asia,MN,0.000246
468,asia,MW,6e-06
468,asia,MF,7e-06
468,asia,WMF,7e-06
468,asia,PE,7e-06
469,asia,MN,0.000243
469,asia,MW,6e-06
469,asia,MF,6e-06
469,asia,WMF,6e-06
469,asia,PE,7e-06
470,asia,MN,0.000246
470,asia,MW,6e-06
470,asia,MF,6e-06
470,asia,WMF,7e-06
470,asia,PE,7e-06
471,asia,MN,0.000244
471,asia,MW,6e-06
471,asia,MF,7e-06
471,asia,WMF,7e-06
471,asia,PE,5e-06
472,asia,MN,0.000244
472,asia,MW,7e-06
472,asia,MF,6e-06
472,asia,WMF,6e-06
472,asia,PE,7e-06
473,asia,MN,0.000282
473,asia,MW,8e-06
473,asia,MF,7e-06
473,asia,WMF,7e-06
473,asia,PE,7e-06
474,asia,MN,0.000253
474,asia,MW,7e-06
474,asia,MF,6e-06
474,asia,WMF,8e-06
474,asia,PE,7e-06
475,asia,MN,0.000253
475,asia,MW,7e-06
475,asia,MF,7e-06
475,asia,WMF,7e-06
475,asia,PE,7e-06
476,asia,MN,0.000249
476,asia,MW,8e-06
476,asia,MF,7e-06
476,asia,WMF,7e-06
476,asia,PE,6e-06
477,asia,MN,0.000253
477,asia,MW,6e-06
477,asia,MF,6e-06
477,asia,WMF,6e-06
477,asia,PE,6e-06
478,asia,MN,0.00025
478,asia,MW,6e-06
478,asia,MF,7e-06
478,asia,WMF,6e-06
478,asia,PE,6e-06
479,asia,MN,0.00025
479,asia,MW,6e-06
479,asia,MF,8e-06
479,asia,WMF,7e-06
479,asia,PE,7e-06
480,asia,MN,0.000249
480,asia,MW,8e-06
480,asia,MF,7e-06
480,asia,WMF,7e-06
480,asia,PE,6e-06
481,asia,MN,0.000254
481,asia,MW,7e-06
481,asia,MF,7e-06
481,asia,WMF,7e-06
481,asia,PE,5e-06
482,asia,MN,0.000246
482,asia,MW,6e-06
482,asia,MF,6e-06
482,asia,WMF,6e-06
482,asia,PE,7e-06
483,asia,MN,0.000249
483,asia,MW,6e-06
483,asia,MF,7e-06
483,asia,WMF,7e-06
483,asia,PE,7e-06
484,asia,MN,0.000245
484,asia,MW,6e-06
484,asia,MF,7e-06
484,asia,WMF,7e-06
484,asia,PE,7e-06
485,asia,MN,0.000252
485,asia,MW,7e-06
485,asia,MF,7e-06
485,asia,WMF,7e-06
485,asia,PE,6e-06
486,asia,MN,0.000248
486,asia,MW,6e-06
486,asia,MF,6e-06
486,asia,WMF,6e-06
486,asia,PE,7e-06
487,asia,MN,0.000251
487,asia,MW,8e-06
487,asia,MF,8e-06
487,asia,WMF,7e-06
487,asia,PE,7e-06
488,asia,MN,0.000249
488,asia,MW,8e-06
488,asia,MF,7e-06
488,asia,WMF,7e-06
488,asia,PE,6e-06
489,asia,MN,0.000249
489,asia,MW,8e-06
489,asia,MF,7e-06
489,asia,WMF,7e-06
489,asia,PE,6e-06
490,asia,MN,0.000249
490,asia,MW,8e-06
490,asia,MF,6e-06
490,asia,WMF,7e-06
490,asia,PE,6e-06
491,asia,MN,0.00025
491,asia,MW,8e-06
491,asia,MF,7e-06
491,asia,WMF,7e-06
491,asia,PE,6e-06
492,asia,MN,0.000247
492,asia,MW,7e-06
492,asia,MF,7e-06
492,asia,WMF,6e-06
492,asia,PE,7e-06
493,asia,MN,0.000501
493,asia,MW,1.5e-05
493,asia,MF,1.5e-05
493,asia,WMF,1.7e-05
493,asia,PE,1.6e-05
494,asia,MN,0.000287
494,asia,MW,1.2e-05
494,asia,MF,9e-06
494,asia,WMF,9e-06
494,asia,PE,8e-06
495,asia,MN,0.000352
495,asia,MW,1.6e-05
495,asia,MF,6e-06
495,asia,WMF,8e-06
495,asia,PE,8e-06
496,asia,MN,0.000341
496,asia,MW,8e-06
496,asia,MF,7e-06
496,asia,WMF,1.1e-05
496,asia,PE,6e-06
497,asia,MN,0.000334
497,asia,MW,8e-06
497,asia,MF,7e-06
497,asia,WMF,8e-06
497,asia,PE,7e-06
498,asia,MN,0.000257
498,asia,MW,7e-06
498,asia,MF,6e-06
498,asia,WMF,6e-06
498,asia,PE,7e-06
499,asia,MN,0.000252
499,asia,MW,8e-06
499,asia,MF,7e-06
499,asia,WMF,7e-06
499,asia,PE,6e-06
500,asia,MN,0.000251
500,asia,MW,7e-06
500,asia,MF,6e-06
500,asia,WMF,7e-06
500,asia,PE,7e-06
501,asia,MN,0.00025
501,asia,MW,6e-06
501,asia,MF,6e-06
501,asia,WMF,7e-06
501,asia,PE,6e-06
502,asia,MN,0.000254
502,asia,MW,7e-06
502,asia,MF,8e-06
502,asia,WMF,7e-06
502,asia,PE,8e-06
503,asia,MN,0.000252
503,asia,MW,7e-06
503,asia,MF,7e-06
503,asia,WMF,7e-06
503,asia,PE,6e-06
504,asia,MN,0.000252
504,asia,MW,8e-06
504,asia,MF,6e-06
504,asia,WMF,7e-06
504,asia,PE,6e-06
505,asia,MN,0.000248
505,asia,MW,7e-06
505,asia,MF,7e-06
505,asia,WMF,7e-06
505,asia,PE,8e-06
506,asia,MN,0.000252
506,asia,MW,7e-06
506,asia,MF,7e-06
506,asia,WMF,7e-06
506,asia,PE,6e-06
507,asia,MN,0.000249
507,asia,MW,8e-06
507,asia,MF,8e-06
507,asia,WMF,7e-06
507,asia,PE,6e-06
508,asia,MN,0.000254
508,asia,MW,8e-06
508,asia,MF,9e-06
508,asia,WMF,6e-06
508,asia,PE,7e-06
509,asia,MN,0.000264
509,asia,MW,7e-06
509,asia,MF,6e-06
509,asia,WMF,7e-06
509,asia,PE,6e-06
510,asia,MN,0.00025
510,asia,MW,8e-06
510,asia,MF,7e-06
510,asia,WMF,7e-06
510,asia,PE,6e-06
511,asia,MN,0.000244
511,asia,MW,7e-06
511,asia,MF,5e-06
511,asia,WMF,6e-06
511,asia,PE,7e-06
512,asia,MN,0.00025
512,asia,MW,7e-06
512,asia,MF,7e-06
512,asia,WMF,7e-06
512,asia,PE,8e-06
513,asia,MN,0.000248
513,asia,MW,1e-05
513,asia,MF,1.3e-05
513,asia,WMF,1.2e-05
513,asia,PE,1.7e-05
514,asia,MN,0.000325
514,asia,MW,1.3e-05
514,asia,MF,9e-06
514,asia,WMF,1.4e-05
514,asia,PE,1e-05
515,asia,MN,0.000318
515,asia,MW,1.3e-05
515,asia,MF,9e-06
515,asia,WMF,1.1e-05
515,asia,PE,9e-06
516,asia,MN,0.0003
516,asia,MW,1.4e-05
516,asia,MF,1.2e-05
516,asia,WMF,1.3e-05
516,asia,PE,8e-06
517,asia,MN,0.000323
517,asia,MW,1.3e-05
517,asia,MF,1.5e-05
517,asia,WMF,1.2e-05
517,asia,PE,1e-05
518,asia,MN,0.000334
518,asia,MW,1.2e-05
518,asia,MF,9e-06
518,asia,WMF,1.1e-05
518,asia,PE,9e-06
519,asia,MN,0.000285
519,asia,MW,1.3e-05
519,asia,MF,1e-05
519,asia,WMF,9e-06
519,asia,PE,8e-06
520,asia,MN,0.000294
520,asia,MW,1.2e-05
520,asia,MF,9e-06
520,asia,WMF,8e-06
520,asia,PE,9e-06
521,asia,MN,0.000287
521,asia,MW,1.3e-05
521,asia,MF,7e-06
521,asia,WMF,1.1e-05
521,asia,PE,8e-06
522,asia,MN,0.000289
522,asia,MW,1.2e-05
522,asia,MF,6e-06
522,asia,WMF,1e-05
522,asia,PE,1.8e-05
523,asia,MN,0.00031
523,asia,MW,1.3e-05
523,asia,MF,1.1e-05
523,asia,WMF,1e-05
523,asia,PE,9e-06
524,asia,MN,0.000316
524,asia,MW,1.2e-05
524,asia,MF,1.3e-05
524,asia,WMF,1e-05
524,asia,PE,1e-05
525,asia,MN,0.000301
525,asia,MW,1.2e-05
525,asia,MF,1e-05
525,asia,WMF,9e-06
525,asia,PE,9e-06
526,asia,MN,0.000297
526,asia,MW,1.4e-05
526,asia,MF,8e-06
526,asia,WMF,1e-05
526,asia,PE,1e-05
527,asia,MN,0.000326
527,asia,MW,1.3e-05
527,asia,MF,1.2e-05
527,asia,WMF,1.3e-05
527,asia,PE,9e-06
528,asia,MN,0.000343
528,asia,MW,1.3e-05
528,asia,MF,8e-06
528,asia,WMF,1.1e-05
528,asia,PE,9e-06
529,asia,MN,0.000295
529,asia,MW,1.1e-05
529,asia,MF,1.1e-05
529,asia,WMF,9e-06
529,asia,PE,9e-06
530,asia,MN,0.000294
530,asia,MW,1.3e-05
530,asia,MF,9e-06
530,asia,WMF,8e-06
530,asia,PE,8e-06
531,asia,MN,0.000294
531,asia,MW,7e-06
531,asia,MF,7e-06
531,asia,WMF,7e-06
531,asia,PE,7e-06
532,asia,MN,0.00026
532,asia,MW,8e-06
532,asia,MF,7e-06
532,asia,WMF,7e-06
532,asia,PE,6e-06
533,asia,MN,0.00025
533,asia,MW,8e-06
533,asia,MF,7e-06
533,asia,WMF,7e-06
533,asia,PE,6e-06
534,asia,MN,0.000253
534,asia,MW,7e-06
534,asia,MF,8e-06
534,asia,WMF,7e-06
534,asia,PE,7e-06
535,asia,MN,0.00025
535,asia,MW,6e-06
535,asia,MF,6e-06
535,asia,WMF,7e-06
535,asia,PE,7e-06
536,asia,MN,0.000286
536,asia,MW,6e-06
536,asia,MF,7e-06
536,asia,WMF,7e-06
536,asia,PE,7e-06
537,asia,MN,0.000249
537,asia,MW,7e-06
537,asia,MF,2e-05
537,asia,WMF,3.1e-05
537,asia,PE,9e-06
538,asia,MN,0.000511
538,asia,MW,1.8e-05
538,asia,MF,1.2e-05
538,asia,WMF,2.7e-05
538,asia,PE,8e-06
539,asia,MN,0.000379
539,asia,MW,1.8e-05
539,asia,MF,1.4e-05
539,asia,WMF,9e-06
539,asia,PE,6e-06
540,asia,MN,0.000485
540,asia,MW,7e-06
540,asia,MF,8e-06
540,asia,WMF,1.7e-05
540,asia,PE,1.1e-05
541,asia,MN,0.000406
541,asia,MW,8e-06
541,asia,MF,7e-06
541,asia,WMF,1.5e-05
541,asia,PE,9e-06
542,asia,MN,0.00033
542,asia,MW,8e-06
542,asia,MF,7e-06
542,asia,WMF,8e-06
542,asia,PE,6e-06
543,asia,MN,0.000319
543,asia,MW,8e-06
543,asia,MF,7e-06
543,asia,WMF,7e-06
543,asia,PE,6e-06
544,asia,MN,0.000323
544,asia,MW,7e-06
544,asia,MF,7e-06
544,asia,WMF,6e-06
544,asia,PE,7e-06
545,asia,MN,0.000309
545,asia,MW,7e-06
545,asia,MF,7e-06
545,asia,WMF,6e-06
545,asia,PE,7e-06
546,asia,MN,0.00032
546,asia,MW,8e-06
546,asia,MF,7e-06
546,asia,WMF,7e-06
546,asia,PE,6e-06
547,asia,MN,0.000317
547,asia,MW,7e-06
547,asia,MF,7e-06
547,asia,WMF,6e-06
547,asia,PE,8e-06
548,asia,MN,0.000324
548,asia,MW,7e-06
548,asia,MF,7e-06
548,asia,WMF,7e-06
548,asia,PE,7e-06
549,asia,MN,0.000275
549,asia,MW,1.1e-05
549,asia,MF,9e-06
549,asia,WMF,1.1e-05
549,asia,PE,9e-06
550,asia,MN,0.000265
550,asia,MW,8e-06
550,asia,MF,1e-05
550,asia,WMF,7e-06
550,asia,PE,7e-06
551,asia,MN,0.000249
551,asia,MW,8e-06
551,asia,MF,7e-06
551,asia,WMF,7e-06
551,asia,PE,6e-06
552,asia,MN,0.000243
552,asia,MW,8e-06
552,asia,MF,7e-06
552,asia,WMF,7e-06
552,asia,PE,6e-06
553,asia,MN,0.000274
553,asia,MW,6e-06
553,asia,MF,6e-06
553,asia,WMF,5e-06
553,asia,PE,7e-06
554,asia,MN,0.000243
554,asia,MW,6e-06
554,asia,MF,6e-06
554,asia,WMF,6e-06
554,asia,PE,7e-06
555,asia,MN,0.000246
555,asia,MW,8e-06
555,asia,MF,7e-06
555,asia,WMF,6e-06
555,asia,PE,6e-06
556,asia,MN,0.000242
556,asia,MW,8e-06
556,asia,MF,7e-06
556,asia,WMF,6e-06
556,asia,PE,7e-06
557,asia,MN,0.000247
557,asia,MW,7e-06
557,asia,MF,7e-06
557,asia,WMF,6e-06
557,asia,PE,6e-06
558,asia,MN,0.00024
558,asia,MW,6e-06
558,asia,MF,6e-06
558,asia,WMF,6e-06
558,asia,PE,6e-06
559,asia,MN,0.000247
559,asia,MW,7e-06
559,asia,MF,7e-06
559,asia,WMF,7e-06
559,asia,PE,6e-06
560,asia,MN,0.000241
560,asia,MW,6e-06
560,asia,MF,6e-06
560,asia,WMF,5e-06
560,asia,PE,6e-06
561,asia,MN,0.000244
561,asia,MW,8e-06
561,asia,MF,7e-06
561,asia,WMF,7e-06
561,asia,PE,6e-06
562,asia,MN,0.000241
562,asia,MW,8e-06
562,asia,MF,6e-06
562,asia,WMF,6e-06
562,asia,PE,6e-06
563,asia,MN,0.000243
563,asia,MW,8e-06
563,asia,MF,7e-06
563,asia,WMF,6e-06
563,asia,PE,6e-06
564,asia,MN,0.000312
564,asia,MW,7e-06
564,asia,MF,8e-06
564,asia,WMF,8e-06
564,asia,PE,6e-06
565,asia,MN,0.000257
565,asia,MW,1.4e-05
565,asia,MF,8e-06
565,asia,WMF,8e-06
565,asia,PE,6e-06
566,asia,MN,0.000261
566,asia,MW,8e-06
566,asia,MF,7e-06
566,asia,WMF,6e-06
566,asia,PE,7e-06
567,asia,MN,0.000248
567,asia,MW,8e-06
567,asia,MF,8e-06
567,asia,WMF,6e-06
567,asia,PE,6e-06
568,asia,MN,0.000244
568,asia,MW,6e-06
568,asia,MF,6e-06
568,asia,WMF,7e-06
568,asia,PE,6e-06
569,asia,MN,0.000245
569,asia,MW,8e-06
569,asia,MF,7e-06
569,asia,WMF,7e-06
569,asia,PE,7e-06
570,asia,MN,0.000242
570,asia,MW,6e-06
570,asia,MF,6e-06
570,asia,WMF,5e-06
570,asia,PE,7e-06
571,asia,MN,0.000244
571,asia,MW,6e-06
571,asia,MF,6e-06
571,asia,WMF,6e-06
571,asia,PE,7e-06
572,asia,MN,0.000241
572,asia,MW,8e-06
572,asia,MF,7e-06
572,asia,WMF,7e-06
572,asia,PE,6e-06
573,asia,MN,0.000244
573,asia,MW,6e-06
573,asia,MF,7e-06
573,asia,WMF,7e-06
573,asia,PE,7e-06
574,asia,MN,0.000243
574,asia,MW,7e-06
574,asia,MF,7e-06
574,asia,WMF,7e-06
574,asia,PE,7e-06
575,asia,MN,0.000244
575,asia,MW,7e-06
575,asia,MF,6e-06
575,asia,WMF,6e-06
575,asia,PE,6e-06
576,asia,MN,0.000239
576,asia,MW,7e-06
576,asia,MF,6e-06
576,asia,WMF,7e-06
576,asia,PE,6e-06
577,asia,MN,0.000245
577,asia,MW,7e-06
577,asia,MF,8e-06
577,asia,WMF,7e-06
577,asia,PE,7e-06
578,asia,MN,0.000243
578,asia,MW,6e-06
578,asia,MF,6e-06
578,asia,WMF,6e-06
578,asia,PE,7e-06
579,asia,MN,0.000268
579,asia,MW,7e-06
579,asia,MF,6e-06
579,asia,WMF,6e-06
579,asia,PE,6e-06
580,asia,MN,0.000242
580,asia,MW,7e-06
580,asia,MF,7e-06
580,asia,WMF,7e-06
580,asia,PE,6e-06
581,asia,MN,0.000246
581,asia,MW,7e-06
581,asia,MF,7e-06
581,asia,WMF,6e-06
581,asia,PE,7e-06
582,asia,MN,0.000241
582,asia,MW,8e-06
582,asia,MF,1.2e-05
582,asia,WMF,7e-06
582,asia,PE,7e-06
583,asia,MN,0.000272
583,asia,MW,8e-06
583,asia,MF,7e-06
583,asia,WMF,8e-06
583,asia,PE,8e-06
584,asia,MN,0.000252
584,asia,MW,7e-06
584,asia,MF,6e-06
584,asia,WMF,7e-06
584,asia,PE,7e-06
585,asia,MN,0.000254
585,asia,MW,7e-06
585,asia,MF,8e-06
585,asia,WMF,7e-06
585,asia,PE,6e-06
586,asia,MN,0.000249
586,asia,MW,7e-06
586,asia,MF,7e-06
586,asia,WMF,7e-06
586,asia,PE,7e-06
587,asia,MN,0.000254
587,asia,MW,7e-06
587,asia,MF,6e-06
587,asia,WMF,6e-06
587,asia,PE,7e-06
588,asia,MN,0.000254
588,asia,MW,8e-06
588,asia,MF,7e-06
588,asia,WMF,8e-06
588,asia,PE,6e-06
589,asia,MN,0.000419
589,asia,MW,7e-06
589,asia,MF,2.9e-05
589,asia,WMF,2.3e-05
589,asia,PE,9e-06
590,asia,MN,0.000288
590,asia,MW,8e-06
590,asia,MF,7e-06
590,asia,WMF,7e-06
590,asia,PE,8e-06
591,asia,MN,0.000298
591,asia,MW,8e-06
591,asia,MF,7e-06
591,asia,WMF,1e-05
591,asia,PE,8e-06
592,asia,MN,0.000294
592,asia,MW,8e-06
592,asia,MF,9e-06
592,asia,WMF,1e-05
592,asia,PE,1e-05
593,asia,MN,0.000268
593,asia,MW,8e-06
593,asia,MF,7e-06
593,asia,WMF,7e-06
593,asia,PE,1.1e-05
594,asia,MN,0.000263
594,asia,MW,7e-06
594,asia,MF,6e-06
594,asia,WMF,6e-06
594,asia,PE,1e-05
595,asia,MN,0.000251
595,asia,MW,7e-06
595,asia,MF,6e-06
595,asia,WMF,6e-06
595,asia,PE,7e-06
596,asia,MN,0.000242
596,asia,MW,7e-06
596,asia,MF,7e-06
596,asia,WMF,8e-06
596,asia,PE,1e-05
597,asia,MN,0.000262
597,asia,MW,7e-06
597,asia,MF,6e-06
597,asia,WMF,8e-06
597,asia,PE,6e-06
598,asia,MN,0.000256
598,asia,MW,7e-06
598,asia,MF,6e-06
598,asia,WMF,8e-06
598,asia,PE,6e-06
599,asia,MN,0.00025
599,asia,MW,7e-06
599,asia,MF,7e-06
599,asia,WMF,6e-06
599,asia,PE,7e-06
600,asia,MN,0.000254
600,asia,MW,7e-06
600,asia,MF,7e-06
600,asia,WMF,6e-06
600,asia,PE,1e-05
601,asia,MN,0.00026
601,asia,MW,6e-06
601,asia,MF,6e-06
601,asia,WMF,7e-06
601,asia,PE,6e-06
602,asia,MN,0.000244
602,asia,MW,8e-06
602,asia,MF,7e-06
602,asia,WMF,6e-06
602,asia,PE,8e-06
603,asia,MN,0.000251
603,asia,MW,6e-06
603,asia,MF,6e-06
603,asia,WMF,6e-06
603,asia,PE,7e-06
604,asia,MN,0.000243
604,asia,MW,8e-06
604,asia,MF,7e-06
604,asia,WMF,6e-06
604,asia,PE,6e-06
605,asia,MN,0.000245
605,asia,MW,6e-06
605,asia,MF,6e-06
605,asia,WMF,7e-06
605,asia,PE,7e-06
606,asia,MN,0.000244
606,asia,MW,7e-06
606,asia,MF,6e-06
606,asia,WMF,6e-06
606,asia,PE,7e-06
607,asia,MN,0.000245
607,asia,MW,6e-06
607,asia,MF,6e-06
607,asia,WMF,6e-06
607,asia,PE,7e-06
608,asia,MN,0.00024
608,asia,MW,8e-06
608,asia,MF,7e-06
608,asia,WMF,6e-06
608,asia,PE,5e-06
609,asia,MN,0.000246
609,asia,MW,7e-06
609,asia,MF,7e-06
609,asia,WMF,6e-06
609,asia,PE,6e-06
610,asia,MN,0.000243
610,asia,MW,7e-06
610,asia,MF,6e-06
610,asia,WMF,8e-06
610,asia,PE,7e-06
611,asia,MN,0.000247
611,asia,MW,1.2e-05
611,asia,MF,1.1e-05
611,asia,WMF,1.3e-05
611,asia,PE,1.1e-05
612,asia,MN,0.000342
612,asia,MW,1.4e-05
612,asia,MF,1.8e-05
612,asia,WMF,1.3e-05
612,asia,PE,1.7e-05
613,asia,MN,0.000317
613,asia,MW,1.2e-05
613,asia,MF,8e-06
613,asia,WMF,1e-05
613,asia,PE,9e-06
614,asia,MN,0.000328
614,asia,MW,1.3e-05
614,asia,MF,9e-06
614,asia,WMF,1.1e-05
614,asia,PE,1.2e-05
615,asia,MN,0.000304
615,asia,MW,1e-05
615,asia,MF,1.1e-05
615,asia,WMF,8e-06
615,asia,PE,8e-06
616,asia,MN,0.00038
616,asia,MW,1.1e-05
616,asia,MF,1.1e-05
616,asia,WMF,1e-05
616,asia,PE,6e-06
617,asia,MN,0.000328
617,asia,MW,8e-06
617,asia,MF,1e-05
617,asia,WMF,1e-05
617,asia,PE,8e-06
618,asia,MN,0.000268
618,asia,MW,7e-06
618,asia,MF,8e-06
618,asia,WMF,8e-06
618,asia,PE,6e-06
619,asia,MN,0.000257
619,asia,MW,8e-06
619,asia,MF,7e-06
619,asia,WMF,6e-06
619,asia,PE,7e-06
620,asia,MN,0.000254
620,asia,MW,7e-06
620,asia,MF,7e-06
620,asia,WMF,7e-06
620,asia,PE,6e-06
621,asia,MN,0.000252
621,asia,MW,8e-06
621,asia,MF,7e-06
621,asia,WMF,7e-06
621,asia,PE,7e-06
622,asia,MN,0.000249
622,asia,MW,8e-06
622,asia,MF,8e-06
622,asia,WMF,7e-06
622,asia,PE,6e-06
623,asia,MN,0.00025
623,asia,MW,7e-06
623,asia,MF,1e-05
623,asia,WMF,8e-06
623,asia,PE,6e-06
624,asia,MN,0.000261
624,asia,MW,7e-06
624,asia,MF,6e-06
624,asia,WMF,7e-06
624,asia,PE,7e-06
625,asia,MN,0.000248
625,asia,MW,8e-06
625,asia,MF,7e-06
625,asia,WMF,6e-06
625,asia,PE,6e-06
626,asia,MN,0.000247
626,asia,MW,7e-06
626,asia,MF,7e-06
626,asia,WMF,7e-06
626,asia,PE,6e-06
627,asia,MN,0.000242
627,asia,MW,6e-06
627,asia,MF,6e-06
627,asia,WMF,6e-06
627,asia,PE,7e-06
628,asia,MN,0.000245
628,asia,MW,7e-06
628,asia,MF,6e-06
628,asia,WMF,6e-06
628,asia,PE,7e-06
629,asia,MN,0.000239
629,asia,MW,8e-06
629,asia,MF,6e-06
629,asia,WMF,6e-06
629,asia,PE,6e-06
630,asia,MN,0.000246
630,asia,MW,6e-06
630,asia,MF,6e-06
630,asia,WMF,6e-06
630,asia,PE,7e-06
631,asia,MN,0.000242
631,asia,MW,8e-06
631,asia,MF,7e-06
631,asia,WMF,7e-06
631,asia,PE,6e-06
632,asia,MN,0.000245
632,asia,MW,7e-06
632,asia,MF,7e-06
632,asia,WMF,6e-06
632,asia,PE,6e-06
633,asia,MN,0.000241
633,asia,MW,6e-06
633,asia,MF,6e-06
633,asia,WMF,6e-06
633,asia,PE,6e-06
634,asia,MN,0.000297
634,asia,MW,8e-06
634,asia,MF,6e-06
634,asia,WMF,8e-06
634,asia,PE,7e-06
635,asia,MN,0.000251
635,asia,MW,8e-06
635,asia,MF,8e-06
635,asia,WMF,6e-06
635,asia,PE,8e-06
636,asia,MN,0.000253
636,asia,MW,8e-06
636,asia,MF,7e-06
636,asia,WMF,7e-06
636,asia,PE,6e-06
637,asia,MN,0.00025
637,asia,MW,7e-06
637,asia,MF,7e-06
637,asia,WMF,8e-06
637,asia,PE,6e-06
638,asia,MN,0.000252
638,asia,MW,8e-06
638,asia,MF,7e-06
638,asia,WMF,6e-06
638,asia,PE,6e-06
639,asia,MN,0.000249
639,asia,MW,7e-06
639,asia,MF,6e-06
639,asia,WMF,6e-06
639,asia,PE,2.1e-05
640,asia,MN,0.000428
640,asia,MW,8e-06
640,asia,MF,6e-06
640,asia,WMF,8e-06
640,asia,PE,6e-06
641,asia,MN,0.000311
641,asia,MW,1.2e-05
641,asia,MF,6e-06
641,asia,WMF,7e-06
641,asia,PE,6e-06
642,asia,MN,0.000278
642,asia,MW,8e-06
642,asia,MF,9e-06
642,asia,WMF,1.1e-05
642,asia,PE,8e-06
643,asia,MN,0.00026
643,asia,MW,7e-06
643,asia,MF,6e-06
643,asia,WMF,7e-06
643,asia,PE,6e-06
644,asia,MN,0.000458
644,asia,MW,1.1e-05
644,asia,MF,7e-06
644,asia,WMF,1e-05
644,asia,PE,8e-06
645,asia,MN,0.000312
645,asia,MW,8e-06
645,asia,MF,7e-06
645,asia,WMF,6e-06
645,asia,PE,8e-06
646,asia,MN,0.000255
646,asia,MW,7e-06
646,asia,MF,7e-06
646,asia,WMF,8e-06
646,asia,PE,7e-06
647,asia,MN,0.000255
647,asia,MW,7e-06
647,asia,MF,7e-06
647,asia,WMF,7e-06
647,asia,PE,6e-06
648,asia,MN,0.00025
648,asia,MW,8e-06
648,asia,MF,7e-06
648,asia,WMF,7e-06
648,asia,PE,6e-06
649,asia,MN,0.000252
649,asia,MW,8e-06
649,asia,MF,6e-06
649,asia,WMF,7e-06
649,asia,PE,7e-06
650,asia,MN,0.000247
650,asia,MW,8e-06
650,asia,MF,7e-06
650,asia,WMF,7e-06
650,asia,PE,6e-06
651,asia,MN,0.000252
651,asia,MW,7e-06
651,asia,MF,7e-06
651,asia,WMF,7e-06
651,asia,PE,7e-06
652,asia,MN,0.000249
652,asia,MW,8e-06
652,asia,MF,7e-06
652,asia,WMF,7e-06
652,asia,PE,6e-06
653,asia,MN,0.000257
653,asia,MW,6e-06
653,asia,MF,6e-06
653,asia,WMF,6e-06
653,asia,PE,8e-06
654,asia,MN,0.000259
654,asia,MW,7e-06
654,asia,MF,6e-06
654,asia,WMF,7e-06
654,asia,PE,6e-06
655,asia,MN,0.00025
655,asia,MW,8e-06
655,asia,MF,6e-06
655,asia,WMF,6e-06
655,asia,PE,7e-06
656,asia,MN,0.000249
656,asia,MW,7e-06
656,asia,MF,6e-06
656,asia,WMF,6e-06
656,asia,PE,7e-06
657,asia,MN,0.000254
657,asia,MW,7e-06
657,asia,MF,7e-06
657,asia,WMF,7e-06
657,asia,PE,7e-06
658,asia,MN,0.000261
658,asia,MW,7e-06
658,asia,MF,6e-06
658,asia,WMF,6e-06
658,asia,PE,7e-06
659,asia,MN,0.000253
659,asia,MW,7e-06
659,asia,MF,7e-06
659,asia,WMF,8e-06
659,asia,PE,7e-06
660,asia,MN,0.00025
660,asia,MW,6e-06
660,asia,MF,6e-06
660,asia,WMF,7e-06
660,asia,PE,7e-06
661,asia,MN,0.000253
661,asia,MW,6e-06
661,asia,MF,6e-06
661,asia,WMF,6e-06
661,asia,PE,7e-06
662,asia,MN,0.00025
662,asia,MW,7e-06
662,asia,MF,1e-05
662,asia,WMF,6e-06
662,asia,PE,6e-06
663,asia,MN,0.000253
663,asia,MW,7e-06
663,asia,MF,7e-06
663,asia,WMF,7e-06
663,asia,PE,7e-06
664,asia,MN,0.000248
664,asia,MW,8e-06
664,asia,MF,6e-06
664,asia,WMF,6e-06
664,asia,PE,8e-06
665,asia,MN,0.000252
665,asia,MW,7e-06
665,asia,MF,6e-06
665,asia,WMF,6e-06
665,asia,PE,7e-06
666,asia,MN,0.000248
666,asia,MW,7e-06
666,asia,MF,6e-06
666,asia,WMF,6e-06
666,asia,PE,6e-06
667,asia,MN,0.000252
667,asia,MW,7e-06
667,asia,MF,7e-06
667,asia,WMF,7e-06
667,asia,PE,7e-06
668,asia,MN,0.000248
668,asia,MW,6e-06
668,asia,MF,6e-06
668,asia,WMF,7e-06
668,asia,PE,7e-06
669,asia,MN,0.000253
669,asia,MW,6e-06
669,asia,MF,6e-06
669,asia,WMF,8e-06
669,asia,PE,7e-06
670,asia,MN,0.000253
670,asia,MW,7e-06
670,asia,MF,7e-06
670,asia,WMF,7e-06
670,asia,PE,6e-06
671,asia,MN,0.000254
671,asia,MW,6e-06
671,asia,MF,6e-06
671,asia,WMF,6e-06
671,asia,PE,8e-06
672,asia,MN,0.000247
672,asia,MW,7e-06
672,asia,MF,8e-06
672,asia,WMF,7e-06
672,asia,PE,6e-06
673,asia,MN,0.000278
673,asia,MW,7e-06
673,asia,MF,8e-06
673,asia,WMF,3.2e-05
673,asia,PE,1.2e-05
674,asia,MN,0.000273
674,asia,MW,9e-06
674,asia,MF,6e-06
674,asia,WMF,6e-06
674,asia,PE,8e-06
675,asia,MN,0.000258
675,asia,MW,8e-06
675,asia,MF,7e-06
675,asia,WMF,7e-06
675,asia,PE,6e-06
676,asia,MN,0.000263
676,asia,MW,6e-06
676,asia,MF,7e-06
676,asia,WMF,7e-06
676,asia,PE,6e-06
677,asia,MN,0.000247
677,asia,MW,7e-06
677,asia,MF,6e-06
677,asia,WMF,6e-06
677,asia,PE,7e-06
678,asia,MN,0.000251
678,asia,MW,8e-06
678,asia,MF,6e-06
678,asia,WMF,6e-06
678,asia,PE,6e-06
679,asia,MN,0.000247
679,asia,MW,7e-06
679,asia,MF,7e-06
679,asia,WMF,6e-06
679,asia,PE,7e-06
680,asia,MN,0.000252
680,asia,MW,7e-06
680,asia,MF,7e-06
680,asia,WMF,7e-06
680,asia,PE,6e-06
681,asia,MN,0.00025
681,asia,MW,8e-06
681,asia,MF,7e-06
681,asia,WMF,7e-06
681,asia,PE,7e-06
682,asia,MN,0.000252
682,asia,MW,6e-06
682,asia,MF,6e-06
682,asia,WMF,6e-06
682,asia,PE,7e-06
683,asia,MN,0.000249
683,asia,MW,7e-06
683,asia,MF,7e-06
683,asia,WMF,7e-06
683,asia,PE,6e-06
684,asia,MN,0.000249
684,asia,MW,6e-06
684,asia,MF,6e-06
684,asia,WMF,6e-06
684,asia,PE,6e-06
685,asia,MN,0.000268
685,asia,MW,8e-06
685,asia,MF,8e-06
685,asia,WMF,7e-06
685,asia,PE,6e-06
686,asia,MN,0.00025
686,asia,MW,7e-06
686,asia,MF,6e-06
686,asia,WMF,7e-06
686,asia,PE,7e-06
687,asia,MN,0.000247
687,asia,MW,7e-06
687,asia,MF,7e-06
687,asia,WMF,6e-06
687,asia,PE,6e-06
688,asia,MN,0.000252
688,asia,MW,8e-06
688,asia,MF,8e-06
688,asia,WMF,7e-06
688,asia,PE,7e-06
689,asia,MN,0.000256
689,asia,MW,8e-06
689,asia,MF,6e-06
689,asia,WMF,6e-06
689,asia,PE,6e-06
690,asia,MN,0.000253
690,asia,MW,7e-06
690,asia,MF,7e-06
690,asia,WMF,7e-06
690,asia,PE,7e-06
691,asia,MN,0.000248
691,asia,MW,8e-06
691,asia,MF,7e-06
691,asia,WMF,6e-06
691,asia,PE,6e-06
692,asia,MN,0.00025
692,asia,MW,1.6e-05
692,asia,MF,9e-06
692,asia,WMF,8e-06
692,asia,PE,6e-06
693,asia,MN,0.000266
693,asia,MW,7e-06
693,asia,MF,2.1e-05
693,asia,WMF,1.3e-05
693,asia,PE,9e-06
694,asia,MN,0.000308
694,asia,MW,8e-06
694,asia,MF,6e-06
694,asia,WMF,9e-06
694,asia,PE,8e-06
695,asia,MN,0.00038
695,asia,MW,8e-06
695,asia,MF,8e-06
695,asia,WMF,8e-06
695,asia,PE,7e-06
696,asia,MN,0.000357
696,asia,MW,8e-06
696,asia,MF,2.3e-05
696,asia,WMF,8e-06
696,asia,PE,6e-06
697,asia,MN,0.000294
697,asia,MW,9e-06
697,asia,MF,8e-06
697,asia,WMF,1e-05
697,asia,PE,6e-06
698,asia,MN,0.000266
698,asia,MW,1e-05
698,asia,MF,8e-06
698,asia,WMF,1e-05
698,asia,PE,1e-05
699,asia,MN,0.000272
699,asia,MW,8e-06
699,asia,MF,7e-06
699,asia,WMF,7e-06
699,asia,PE,7e-06
700,asia,MN,0.000255
700,asia,MW,7e-06
700,asia,MF,7e-06
700,asia,WMF,7e-06
700,asia,PE,7e-06
701,asia,MN,0.000252
701,asia,MW,6e-06
701,asia,MF,7e-06
701,asia,WMF,1.2e-05
701,asia,PE,8e-06
702,asia,MN,0.000369
702,asia,MW,9e-06
702,asia,MF,7e-06
702,asia,WMF,7e-06
702,asia,PE,8e-06
703,asia,MN,0.000257
703,asia,MW,7e-06
703,asia,MF,7e-06
703,asia,WMF,8e-06
703,asia,PE,6e-06
704,asia,MN,0.000256
704,asia,MW,8e-06
704,asia,MF,7e-06
704,asia,WMF,6e-06
704,asia,PE,7e-06
705,asia,MN,0.000251
705,asia,MW,7e-06
705,asia,MF,6e-06
705,asia,WMF,6e-06
705,asia,PE,7e-06
706,asia,MN,0.000253
706,asia,MW,8e-06
706,asia,MF,7e-06
706,asia,WMF,7e-06
706,asia,PE,6e-06
707,asia,MN,0.000248
707,asia,MW,7e-06
707,asia,MF,7e-06
707,asia,WMF,6e-06
707,asia,PE,7e-06
708,asia,MN,0.000253
708,asia,MW,6e-06
708,asia,MF,8e-06
708,asia,WMF,8e-06
708,asia,PE,6e-06
709,asia,MN,0.000248
709,asia,MW,7e-06
709,asia,MF,6e-06
709,asia,WMF,6e-06
709,asia,PE,7e-06
710,asia,MN,0.000252
710,asia,MW,7e-06
710,asia,MF,6e-06
710,asia,WMF,7e-06
710,asia,PE,7e-06
711,asia,MN,0.000248
711,asia,MW,7e-06
711,asia,MF,7e-06
711,asia,WMF,7e-06
711,asia,PE,6e-06
712,asia,MN,0.000252
712,asia,MW,8e-06
712,asia,MF,7e-06
712,asia,WMF,7e-06
712,asia,PE,6e-06
713,asia,MN,0.000246
713,asia,MW,7e-06
713,asia,MF,7e-06
713,asia,WMF,7e-06
713,asia,PE,6e-06
714,asia,MN,0.000249
714,asia,MW,7e-06
714,asia,MF,8e-06
714,asia,WMF,1.3e-05
714,asia,PE,8e-06
715,asia,MN,0.0003
715,asia,MW,1.4e-05
715,asia,MF,1e-05
715,asia,WMF,1.1e-05
715,asia,PE,1e-05
716,asia,MN,0.000318
716,asia,MW,1.1e-05
716,asia,MF,2.2e-05
716,asia,WMF,1.2e-05
716,asia,PE,9e-06
717,asia,MN,0.000317
717,asia,MW,1.3e-05
717,asia,MF,1e-05
717,asia,WMF,9e-06
717,asia,PE,9e-06
718,asia,MN,0.000296
718,asia,MW,1.3e-05
718,asia,MF,1.1e-05
718,asia,WMF,9e-06
718,asia,PE,1e-05
719,asia,MN,0.000266
719,asia,MW,1e-05
719,asia,MF,2.4e-05
719,asia,WMF,1e-05
719,asia,PE,7e-06
720,asia,MN,0.000267
720,asia,MW,8e-06
720,asia,MF,8e-06
720,asia,WMF,7e-06
720,asia,PE,8e-06
721,asia,MN,0.000259
721,asia,MW,7e-06
721,asia,MF,7e-06
721,asia,WMF,7e-06
721,asia,PE,7e-06
722,asia,MN,0.000251
722,asia,MW,7e-06
722,asia,MF,6e-06
722,asia,WMF,8e-06
722,asia,PE,6e-06
723,asia,MN,0.000254
723,asia,MW,6e-06
723,asia,MF,7e-06
723,asia,WMF,7e-06
723,asia,PE,7e-06
724,asia,MN,0.000248
724,asia,MW,8e-06
724,asia,MF,7e-06
724,asia,WMF,7e-06
724,asia,PE,6e-06
725,asia,MN,0.00025
725,asia,MW,6e-06
725,asia,MF,1e-05
725,asia,WMF,7e-06
725,asia,PE,7e-06
726,asia,MN,0.000282
726,asia,MW,7e-06
726,asia,MF,7e-06
726,asia,WMF,1.3e-05
726,asia,PE,9e-06
727,asia,MN,0.000262
727,asia,MW,7e-06
727,asia,MF,6e-06
727,asia,WMF,6e-06
727,asia,PE,7e-06
728,asia,MN,0.000252
728,asia,MW,7e-06
728,asia,MF,7e-06
728,asia,WMF,6e-06
728,asia,PE,7e-06
729,asia,MN,0.000251
729,asia,MW,8e-06
729,asia,MF,8e-06
729,asia,WMF,7e-06
729,asia,PE,8e-06
730,asia,MN,0.00025
730,asia,MW,7e-06
730,asia,MF,7e-06
730,asia,WMF,7e-06
730,asia,PE,7e-06
731,asia,MN,0.00025
731,asia,MW,7e-06
731,asia,MF,6e-06
731,asia,WMF,7e-06
731,asia,PE,7e-06
732,asia,MN,0.000248
732,asia,MW,7e-06
732,asia,MF,6e-06
732,asia,WMF,6e-06
732,asia,PE,7e-06
733,asia,MN,0.000253
733,asia,MW,8e-06
733,asia,MF,8e-06
733,asia,WMF,7e-06
733,asia,PE,6e-06
734,asia,MN,0.000248
734,asia,MW,8e-06
734,asia,MF,7e-06
734,asia,WMF,8e-06
734,asia,PE,6e-06
735,asia,MN,0.000252
735,asia,MW,8e-06
735,asia,MF,8e-06
735,asia,WMF,6e-06
735,asia,PE,7e-06
736,asia,MN,0.000248
736,asia,MW,8e-06
736,asia,MF,8e-06
736,asia,WMF,7e-06
736,asia,PE,6e-06
737,asia,MN,0.000252
737,asia,MW,8e-06
737,asia,MF,7e-06
737,asia,WMF,7e-06
737,asia,PE,6e-06
738,asia,MN,0.000247
738,asia,MW,7e-06
738,asia,MF,6e-06
738,asia,WMF,6e-06
738,asia,PE,7e-06
739,asia,MN,0.00025
739,asia,MW,8e-06
739,asia,MF,7e-06
739,asia,WMF,8e-06
739,asia,PE,6e-06
740,asia,MN,0.000248
740,asia,MW,6e-06
740,asia,MF,6e-06
740,asia,WMF,6e-06
740,asia,PE,8e-06
741,asia,MN,0.000252
741,asia,MW,8e-06
741,asia,MF,6e-06
741,asia,WMF,7e-06
741,asia,PE,6e-06
742,asia,MN,0.000249
742,asia,MW,8e-06
742,asia,MF,7e-06
742,asia,WMF,7e-06
742,asia,PE,7e-06
743,asia,MN,0.000252
743,asia,MW,7e-06
743,asia,MF,7e-06
743,asia,WMF,6e-06
743,asia,PE,7e-06
744,asia,MN,0.00025
744,asia,MW,7e-06
744,asia,MF,2.3e-05
744,asia,WMF,8e-06
744,asia,PE,8e-06
745,asia,MN,0.000425
745,asia,MW,7e-06
745,asia,MF,7e-06
745,asia,WMF,6e-06
745,asia,PE,8e-06
746,asia,MN,0.000356
746,asia,MW,8e-06
746,asia,MF,8e-06
746,asia,WMF,1.5e-05
746,asia,PE,1.5e-05
747,asia,MN,0.00031
747,asia,MW,1.1e-05
747,asia,MF,8e-06
747,asia,WMF,1.1e-05
747,asia,PE,1.4e-05
748,asia,MN,0.000273
748,asia,MW,7e-06
748,asia,MF,7e-06
748,asia,WMF,8e-06
748,asia,PE,6e-06
749,asia,MN,0.000247
749,asia,MW,6e-06
749,asia,MF,6e-06
749,asia,WMF,7e-06
749,asia,PE,7e-06
750,asia,MN,0.000246
750,asia,MW,6e-06
750,asia,MF,6e-06
750,asia,WMF,6e-06
750,asia,PE,7e-06
751,asia,MN,0.000245
751,asia,MW,6e-06
751,asia,MF,7e-06
751,asia,WMF,6e-06
751,asia,PE,7e-06
752,asia,MN,0.000246
752,asia,MW,7e-06
752,asia,MF,6e-06
752,asia,WMF,6e-06
752,asia,PE,7e-06
753,asia,MN,0.000249
753,asia,MW,8e-06
753,asia,MF,7e-06
753,asia,WMF,7e-06
753,asia,PE,7e-06
754,asia,MN,0.000251
754,asia,MW,8e-06
754,asia,MF,7e-06
754,asia,WMF,7e-06
754,asia,PE,6e-06
755,asia,MN,0.000243
755,asia,MW,7e-06
755,asia,MF,7e-06
755,asia,WMF,7e-06
755,asia,PE,6e-06
756,asia,MN,0.000244
756,asia,MW,7e-06
756,asia,MF,6e-06
756,asia,WMF,6e-06
756,asia,PE,7e-06
757,asia,MN,0.000241
757,asia,MW,8e-06
757,asia,MF,6e-06
757,asia,WMF,6e-06
757,asia,PE,5e-06
758,asia,MN,0.000245
758,asia,MW,7e-06
758,asia,MF,7e-06
758,asia,WMF,6e-06
758,asia,PE,7e-06
759,asia,MN,0.000246
759,asia,MW,7e-06
759,asia,MF,7e-06
759,asia,WMF,7e-06
759,asia,PE,6e-06
760,asia,MN,0.000246
760,asia,MW,7e-06
760,asia,MF,6e-06
760,asia,WMF,9e-06
760,asia,PE,6e-06
761,asia,MN,0.000242
761,asia,MW,7e-06
761,asia,MF,7e-06
761,asia,WMF,7e-06
761,asia,PE,7e-06
762,asia,MN,0.000245
762,asia,MW,7e-06
762,asia,MF,6e-06
762,asia,WMF,7e-06
762,asia,PE,7e-06
763,asia,MN,0.00024
763,asia,MW,7e-06
763,asia,MF,6e-06
763,asia,WMF,6e-06
763,asia,PE,7e-06
764,asia,MN,0.000246
764,asia,MW,8e-06
764,asia,MF,7e-06
764,asia,WMF,7e-06
764,asia,PE,5e-06
765,asia,MN,0.000242
765,asia,MW,8e-06
765,asia,MF,7e-06
765,asia,WMF,6e-06
765,asia,PE,6e-06
766,asia,MN,0.000245
766,asia,MW,6e-06
766,asia,MF,6e-06
766,asia,WMF,6e-06
766,asia,PE,7e-06
767,asia,MN,0.000242
767,asia,MW,6e-06
767,asia,MF,6e-06
767,asia,WMF,6e-06
767,asia,PE,6e-06
768,asia,MN,0.000245
768,asia,MW,6e-06
768,asia,MF,6e-06
768,asia,WMF,7e-06
768,asia,PE,5e-06
769,asia,MN,0.000242
769,asia,MW,7e-06
769,asia,MF,7e-06
769,asia,WMF,7e-06
769,asia,PE,6e-06
770,asia,MN,0.000246
770,asia,MW,6e-06
770,asia,MF,6e-06
770,asia,WMF,6e-06
770,asia,PE,7e-06
771,asia,MN,0.000241
771,asia,MW,7e-06
771,asia,MF,7e-06
771,asia,WMF,7e-06
771,asia,PE,7e-06
772,asia,MN,0.000295
772,asia,MW,8e-06
772,asia,MF,6e-06
772,asia,WMF,6e-06
772,asia,PE,7e-06
773,asia,MN,0.000254
773,asia,MW,7e-06
773,asia,MF,7e-06
773,asia,WMF,7e-06
773,asia,PE,7e-06
774,asia,MN,0.000256
774,asia,MW,8e-06
774,asia,MF,7e-06
774,asia,WMF,7e-06
774,asia,PE,6e-06
775,asia,MN,0.000251
775,asia,MW,6e-06
775,asia,MF,6e-06
775,asia,WMF,6e-06
775,asia,PE,7e-06
776,asia,MN,0.000253
776,asia,MW,2.9e-05
776,asia,MF,8e-06
776,asia,WMF,1.1e-05
776,asia,PE,7e-06
777,asia,MN,0.000292
777,asia,MW,1e-05
777,asia,MF,9e-06
777,asia,WMF,1.2e-05
777,asia,PE,1.1e-05
778,asia,MN,0.000256
778,asia,MW,7e-06
778,asia,MF,7e-06
778,asia,WMF,7e-06
778,asia,PE,6e-06
779,asia,MN,0.000246
779,asia,MW,7e-06
779,asia,MF,6e-06
779,asia,WMF,7e-06
779,asia,PE,7e-06
780,asia,MN,0.00025
780,asia,MW,7e-06
780,asia,MF,7e-06
780,asia,WMF,7e-06
780,asia,PE,7e-06
781,asia,MN,0.000244
781,asia,MW,6e-06
781,asia,MF,6e-06
781,asia,WMF,6e-06
781,asia,PE,7e-06
782,asia,MN,0.000245
782,asia,MW,7e-06
782,asia,MF,7e-06
782,asia,WMF,7e-06
782,asia,PE,7e-06
783,asia,MN,0.000264
783,asia,MW,7e-06
783,asia,MF,6e-06
783,asia,WMF,6e-06
783,asia,PE,7e-06
784,asia,MN,0.000246
784,asia,MW,8e-06
784,asia,MF,7e-06
784,asia,WMF,7e-06
784,asia,PE,6e-06
785,asia,MN,0.000242
785,asia,MW,6e-06
785,asia,MF,6e-06
785,asia,WMF,6e-06
785,asia,PE,7e-06
786,asia,MN,0.000249
786,asia,MW,7e-06
786,asia,MF,7e-06
786,asia,WMF,6e-06
786,asia,PE,6e-06
787,asia,MN,0.000241
787,asia,MW,6e-06
787,asia,MF,7e-06
787,asia,WMF,7e-06
787,asia,PE,7e-06
788,asia,MN,0.000245
788,asia,MW,7e-06
788,asia,MF,7e-06
788,asia,WMF,7e-06
788,asia,PE,6e-06
789,asia,MN,0.000241
789,asia,MW,8e-06
789,asia,MF,7e-06
789,asia,WMF,7e-06
789,asia,PE,6e-06
790,asia,MN,0.000245
790,asia,MW,7e-06
790,asia,MF,6e-06
790,asia,WMF,6e-06
790,asia,PE,7e-06
791,asia,MN,0.000241
791,asia,MW,6e-06
791,asia,MF,7e-06
791,asia,WMF,7e-06
791,asia,PE,7e-06
792,asia,MN,0.000245
792,asia,MW,6e-06
792,asia,MF,6e-06
792,asia,WMF,7e-06
792,asia,PE,7e-06
793,asia,MN,0.000241
793,asia,MW,6e-06
793,asia,MF,6e-06
793,asia,WMF,6e-06
793,asia,PE,7e-06
794,asia,MN,0.000244
794,asia,MW,7e-06
794,asia,MF,8e-06
794,asia,WMF,7e-06
794,asia,PE,6e-06
795,asia,MN,0.000242
795,asia,MW,6e-06
795,asia,MF,6e-06
795,asia,WMF,7e-06
795,asia,PE,7e-06
796,asia,MN,0.000246
796,asia,MW,8e-06
796,asia,MF,7e-06
796,asia,WMF,7e-06
796,asia,PE,7e-06
797,asia,MN,0.000244
797,asia,MW,7e-06
797,asia,MF,4e-05
797,asia,WMF,1.7e-05
797,asia,PE,1.3e-05
798,asia,MN,0.000388
798,asia,MW,9e-06
798,asia,MF,1.1e-05
798,asia,WMF,9e-06
798,asia,PE,7e-06
799,asia,MN,0.000314
799,asia,MW,9e-06
799,asia,MF,1.3e-05
799,asia,WMF,9e-06
799,asia,PE,6e-06
800,asia,MN,0.000265
800,asia,MW,8e-06
800,asia,MF,6e-06
800,asia,WMF,7e-06
800,asia,PE,6e-06
801,asia,MN,0.000263
801,asia,MW,1.3e-05
801,asia,MF,7e-06
801,asia,WMF,8e-06
801,asia,PE,7e-06
802,asia,MN,0.000314
802,asia,MW,1.3e-05
802,asia,MF,7e-06
802,asia,WMF,7e-06
802,asia,PE,7e-06
803,asia,MN,0.000266
803,asia,MW,8e-06
803,asia,MF,6e-06
803,asia,WMF,7e-06
803,asia,PE,6e-06
804,asia,MN,0.000245
804,asia,MW,8e-06
804,asia,MF,6e-06
804,asia,WMF,7e-06
804,asia,PE,6e-06
805,asia,MN,0.000248
805,asia,MW,7e-06
805,asia,MF,6e-06
805,asia,WMF,6e-06
805,asia,PE,7e-06
806,asia,MN,0.000245
806,asia,MW,8e-06
806,asia,MF,7e-06
806,asia,WMF,8e-06
806,asia,PE,2.4e-05
807,asia,MN,0.000262
807,asia,MW,8e-06
807,asia,MF,8e-06
807,asia,WMF,7e-06
807,asia,PE,6e-06
808,asia,MN,0.000255
808,asia,MW,7e-06
808,asia,MF,8e-06
808,asia,WMF,7e-06
808,asia,PE,6e-06
809,asia,MN,0.00025
809,asia,MW,7e-06
809,asia,MF,7e-06
809,asia,WMF,7e-06
809,asia,PE,5e-06
810,asia,MN,0.000251
810,asia,MW,8e-06
810,asia,MF,7e-06
810,asia,WMF,6e-06
810,asia,PE,6e-06
811,asia,MN,0.000248
811,asia,MW,7e-06
811,asia,MF,6e-06
811,asia,WMF,6e-06
811,asia,PE,7e-06
812,asia,MN,0.00025
812,asia,MW,7e-06
812,asia,MF,6e-06
812,asia,WMF,7e-06
812,asia,PE,6e-06
813,asia,MN,0.000247
813,asia,MW,8e-06
813,asia,MF,7e-06
813,asia,WMF,6e-06
813,asia,PE,7e-06
814,asia,MN,0.000252
814,asia,MW,6e-06
814,asia,MF,7e-06
814,asia,WMF,6e-06
814,asia,PE,7e-06
815,asia,MN,0.000247
815,asia,MW,7e-06
815,asia,MF,6e-06
815,asia,WMF,6e-06
815,asia,PE,7e-06
816,asia,MN,0.000251
816,asia,MW,8e-06
816,asia,MF,7e-06
816,asia,WMF,7e-06
816,asia,PE,8e-06
817,asia,MN,0.000248
817,asia,MW,7e-06
817,asia,MF,6e-06
817,asia,WMF,6e-06
817,asia,PE,7e-06
818,asia,MN,0.00025
818,asia,MW,7e-06
818,asia,MF,8e-06
818,asia,WMF,7e-06
818,asia,PE,6e-06
819,asia,MN,0.000249
819,asia,MW,6e-06
819,asia,MF,9e-06
819,asia,WMF,7e-06
819,asia,PE,7e-06
820,asia,MN,0.000266
820,asia,MW,1.4e-05
820,asia,MF,1.4e-05
820,asia,WMF,8e-06
820,asia,PE,1.4e-05
821,asia,MN,0.00035
821,asia,MW,1e-05
821,asia,MF,1.1e-05
821,asia,WMF,7e-06
821,asia,PE,1e-05
822,asia,MN,0.000324
822,asia,MW,1.3e-05
822,asia,MF,1.3e-05
822,asia,WMF,1e-05
822,asia,PE,9e-06
823,asia,MN,0.000289
823,asia,MW,1.3e-05
823,asia,MF,1.2e-05
823,asia,WMF,1e-05
823,asia,PE,9e-06
824,asia,MN,0.000293
824,asia,MW,1.2e-05
824,asia,MF,1e-05
824,asia,WMF,1e-05
824,asia,PE,1.2e-05
825,asia,MN,0.00033
825,asia,MW,1.2e-05
825,asia,MF,1.3e-05
825,asia,WMF,8e-06
825,asia,PE,1.3e-05
826,asia,MN,0.000311
826,asia,MW,1.2e-05
826,asia,MF,1.3e-05
826,asia,WMF,9e-06
826,asia,PE,1.3e-05
827,asia,MN,0.000315
827,asia,MW,1.2e-05
827,asia,MF,9e-06
827,asia,WMF,1.1e-05
827,asia,PE,9e-06
828,asia,MN,0.0003
828,asia,MW,1.2e-05
828,asia,MF,1.2e-05
828,asia,WMF,9e-06
828,asia,PE,8e-06
829,asia,MN,0.000348
829,asia,MW,1.3e-05
829,asia,MF,8e-06
829,asia,WMF,7e-06
829,asia,PE,8e-06
830,asia,MN,0.000275
830,asia,MW,8e-06
830,asia,MF,7e-06
830,asia,WMF,1.4e-05
830,asia,PE,1.1e-05
831,asia,MN,0.000331
831,asia,MW,1.3e-05
831,asia,MF,1e-05
831,asia,WMF,1.1e-05
831,asia,PE,8e-06
832,asia,MN,0.000289
832,asia,MW,9e-06
832,asia,MF,1.3e-05
832,asia,WMF,1.2e-05
832,asia,PE,1.2e-05
833,asia,MN,0.000318
833,asia,MW,1.2e-05
833,asia,MF,1.3e-05
833,asia,WMF,9e-06
833,asia,PE,1.3e-05
834,asia,MN,0.000313
834,asia,MW,9e-06
834,asia,MF,6e-06
834,asia,WMF,9e-06
834,asia,PE,9e-06
835,asia,MN,0.000269
835,asia,MW,8e-06
835,asia,MF,7e-06
835,asia,WMF,8e-06
835,asia,PE,6e-06
836,asia,MN,0.000252
836,asia,MW,7e-06
836,asia,MF,8e-06
836,asia,WMF,7e-06
836,asia,PE,8e-06
837,asia,MN,0.000252
837,asia,MW,7e-06
837,asia,MF,7e-06
837,asia,WMF,6e-06
837,asia,PE,7e-06
838,asia,MN,0.00025
838,asia,MW,8e-06
838,asia,MF,6e-06
838,asia,WMF,7e-06
838,asia,PE,7e-06
839,asia,MN,0.000251
839,asia,MW,7e-06
839,asia,MF,6e-06
839,asia,WMF,6e-06
839,asia,PE,8e-06
840,asia,MN,0.000247
840,asia,MW,7e-06
840,asia,MF,7e-06
840,asia,WMF,6e-06
840,asia,PE,6e-06
841,asia,MN,0.000253
841,asia,MW,6e-06
841,asia,MF,6e-06
841,asia,WMF,6e-06
841,asia,PE,6e-06
842,asia,MN,0.000249
842,asia,MW,6e-06
842,asia,MF,2.3e-05
842,asia,WMF,1e-05
842,asia,PE,1e-05
843,asia,MN,0.000456
843,asia,MW,9e-06
843,asia,MF,8e-06
843,asia,WMF,2.1e-05
843,asia,PE,9e-06
844,asia,MN,0.000298
844,asia,MW,8e-06
844,asia,MF,7e-06
844,asia,WMF,8e-06
844,asia,PE,7e-06
845,asia,MN,0.000275
845,asia,MW,1.1e-05
845,asia,MF,8e-06
845,asia,WMF,7e-06
845,asia,PE,7e-06
846,asia,MN,0.000275
846,asia,MW,7e-06
846,asia,MF,7e-06
846,asia,WMF,7e-06
846,asia,PE,8e-06
847,asia,MN,0.000252
847,asia,MW,8e-06
847,asia,MF,6e-06
847,asia,WMF,7e-06
847,asia,PE,8e-06
848,asia,MN,0.000254
848,asia,MW,7e-06
848,asia,MF,7e-06
848,asia,WMF,7e-06
848,asia,PE,8e-06
849,asia,MN,0.000254
849,asia,MW,8e-06
849,asia,MF,8e-06
849,asia,WMF,6e-06
849,asia,PE,6e-06
850,asia,MN,0.000254
850,asia,MW,8e-06
850,asia,MF,8e-06
850,asia,WMF,7e-06
850,asia,PE,7e-06
851,asia,MN,0.000247
851,asia,MW,7e-06
851,asia,MF,6e-06
851,asia,WMF,6e-06
851,asia,PE,6e-06
852,asia,MN,0.000249
852,asia,MW,7e-06
852,asia,MF,6e-06
852,asia,WMF,8e-06
852,asia,PE,6e-06
853,asia,MN,0.000245
853,asia,MW,7e-06
853,asia,MF,7e-06
853,asia,WMF,6e-06
853,asia,PE,7e-06
854,asia,MN,0.00025
854,asia,MW,7e-06
854,asia,MF,1.1e-05
854,asia,WMF,1e-05
854,asia,PE,1e-05
855,asia,MN,0.000353
855,asia,MW,8e-06
855,asia,MF,1.4e-05
855,asia,WMF,1.9e-05
855,asia,PE,8e-06
856,asia,MN,0.000265
856,asia,MW,7e-06
856,asia,MF,6e-06
856,asia,WMF,7e-06
856,asia,PE,6e-06
857,asia,MN,0.000246
857,asia,MW,7e-06
857,asia,MF,6e-06
857,asia,WMF,7e-06
857,asia,PE,6e-06
858,asia,MN,0.000245
858,asia,MW,6e-06
858,asia,MF,7e-06
858,asia,WMF,6e-06
858,asia,PE,6e-06
859,asia,MN,0.000243
859,asia,MW,6e-06
859,asia,MF,6e-06
859,asia,WMF,7e-06
859,asia,PE,6e-06
860,asia,MN,0.000245
860,asia,MW,7e-06
860,asia,MF,7e-06
860,asia,WMF,7e-06
860,asia,PE,6e-06
861,asia,MN,0.000242
861,asia,MW,6e-06
861,asia,MF,6e-06
861,asia,WMF,5e-06
861,asia,PE,7e-06
862,asia,MN,0.000244
862,asia,MW,7e-06
862,asia,MF,6e-06
862,asia,WMF,6e-06
862,asia,PE,7e-06
863,asia,MN,0.000241
863,asia,MW,8e-06
863,asia,MF,7e-06
863,asia,WMF,7e-06
863,asia,PE,6e-06
864,asia,MN,0.000244
864,asia,MW,8e-06
864,asia,MF,7e-06
864,asia,WMF,9e-06
864,asia,PE,1.1e-05
865,asia,MN,0.000311
865,asia,MW,1.3e-05
865,asia,MF,1e-05
865,asia,WMF,1.3e-05
865,asia,PE,1.6e-05
866,asia,MN,0.000433
866,asia,MW,9e-06
866,asia,MF,8e-06
866,asia,WMF,8e-06
866,asia,PE,7e-06
867,asia,MN,0.000265
867,asia,MW,7e-06
867,asia,MF,3.6e-05
867,asia,WMF,1.6e-05
867,asia,PE,1.1e-05
868,asia,MN,0.000323
868,asia,MW,9e-06
868,asia,MF,7e-06
868,asia,WMF,8e-06
868,asia,PE,7e-06
869,asia,MN,0.00031
869,asia,MW,8e-06
869,asia,MF,1e-05
869,asia,WMF,8e-06
869,asia,PE,7e-06
870,asia,MN,0.000283
870,asia,MW,9e-06
870,asia,MF,8e-06
870,asia,WMF,6e-06
870,asia,PE,8e-06
871,asia,MN,0.00027
871,asia,MW,7e-06
871,asia,MF,8e-06
871,asia,WMF,8e-06
871,asia,PE,6e-06
872,asia,MN,0.000312
872,asia,MW,1.3e-05
872,asia,MF,7e-06
872,asia,WMF,7e-06
872,asia,PE,7e-06
873,asia,MN,0.00026
873,asia,MW,7e-06
873,asia,MF,8e-06
873,asia,WMF,7e-06
873,asia,PE,6e-06
874,asia,MN,0.000247
874,asia,MW,7e-06
874,asia,MF,6e-06
874,asia,WMF,6e-06
874,asia,PE,7e-06
875,asia,MN,0.000252
875,asia,MW,7e-06
875,asia,MF,7e-06
875,asia,WMF,7e-06
875,asia,PE,7e-06
876,asia,MN,0.000246
876,asia,MW,7e-06
876,asia,MF,9e-06
876,asia,WMF,1.2e-05
876,asia,PE,8e-06
877,asia,MN,0.000259
877,asia,MW,7e-06
877,asia,MF,7e-06
877,asia,WMF,7e-06
877,asia,PE,7e-06
878,asia,MN,0.000248
878,asia,MW,7e-06
878,asia,MF,7e-06
878,asia,WMF,6e-06
878,asia,PE,6e-06
879,asia,MN,0.000252
879,asia,MW,8e-06
879,asia,MF,6e-06
879,asia,WMF,6e-06
879,asia,PE,6e-06
880,asia,MN,0.000247
880,asia,MW,7e-06
880,asia,MF,6e-06
880,asia,WMF,7e-06
880,asia,PE,6e-06
881,asia,MN,0.000251
881,asia,MW,8e-06
881,asia,MF,9e-06
881,asia,WMF,7e-06
881,asia,PE,8e-06
882,asia,MN,0.000249
882,asia,MW,9e-06
882,asia,MF,8e-06
882,asia,WMF,6e-06
882,asia,PE,6e-06
883,asia,MN,0.000251
883,asia,MW,6e-06
883,asia,MF,7e-06
883,asia,WMF,7e-06
883,asia,PE,6e-06
884,asia,MN,0.000247
884,asia,MW,8e-06
884,asia,MF,7e-06
884,asia,WMF,6e-06
884,asia,PE,7e-06
885,asia,MN,0.000249
885,asia,MW,7e-06
885,asia,MF,7e-06
885,asia,WMF,7e-06
885,asia,PE,6e-06
886,asia,MN,0.000246
886,asia,MW,8e-06
886,asia,MF,7e-06
886,asia,WMF,7e-06
886,asia,PE,6e-06
887,asia,MN,0.000249
887,asia,MW,7e-06
887,asia,MF,6e-06
887,asia,WMF,6e-06
887,asia,PE,6e-06
888,asia,MN,0.000249
888,asia,MW,1.4e-05
888,asia,MF,1e-05
888,asia,WMF,1.2e-05
888,asia,PE,9e-06
889,asia,MN,0.000368
889,asia,MW,1.3e-05
889,asia,MF,9e-06
889,asia,WMF,1.2e-05
889,asia,PE,1e-05
890,asia,MN,0.000289
890,asia,MW,1.2e-05
890,asia,MF,1e-05
890,asia,WMF,9e-06
890,asia,PE,1e-05
891,asia,MN,0.000291
891,asia,MW,1.2e-05
891,asia,MF,1.1e-05
891,asia,WMF,1e-05
891,asia,PE,8e-06
892,asia,MN,0.000284
892,asia,MW,1.4e-05
892,asia,MF,1e-05
892,asia,WMF,1e-05
892,asia,PE,8e-06
893,asia,MN,0.000272
893,asia,MW,8e-06
893,asia,MF,8e-06
893,asia,WMF,1e-05
893,asia,PE,7e-06
894,asia,MN,0.000253
894,asia,MW,7e-06
894,asia,MF,6e-06
894,asia,WMF,6e-06
894,asia,PE,6e-06
895,asia,MN,0.000245
895,asia,MW,6e-06
895,asia,MF,7e-06
895,asia,WMF,7e-06
895,asia,PE,6e-06
896,asia,MN,0.000248
896,asia,MW,7e-06
896,asia,MF,6e-06
896,asia,WMF,6e-06
896,asia,PE,6e-06
897,asia,MN,0.000243
897,asia,MW,7e-06
897,asia,MF,6e-06
897,asia,WMF,6e-06
897,asia,PE,7e-06
898,asia,MN,0.000246
898,asia,MW,7e-06
898,asia,MF,7e-06
898,asia,WMF,6e-06
898,asia,PE,7e-06
899,asia,MN,0.000243
899,asia,MW,7e-06
899,asia,MF,7e-06
899,asia,WMF,7e-06
899,asia,PE,6e-06
900,asia,MN,0.000243
900,asia,MW,8e-06
900,asia,MF,7e-06
900,asia,WMF,7e-06
900,asia,PE,6e-06
901,asia,MN,0.000242
901,asia,MW,7e-06
901,asia,MF,5e-06
901,asia,WMF,6e-06
901,asia,PE,7e-06
902,asia,MN,0.000246
902,asia,MW,7e-06
902,asia,MF,8e-06
902,asia,WMF,6e-06
902,asia,PE,7e-06
903,asia,MN,0.000241
903,asia,MW,7e-06
903,asia,MF,1.3e-05
903,asia,WMF,1.4e-05
903,asia,PE,1.3e-05
904,asia,MN,0.000278
904,asia,MW,1.1e-05
904,asia,MF,8e-06
904,asia,WMF,1.3e-05
904,asia,PE,1.3e-05
905,asia,MN,0.000266
905,asia,MW,8e-06
905,asia,MF,7e-06
905,asia,WMF,8e-06
905,asia,PE,7e-06
906,asia,MN,0.000251
906,asia,MW,7e-06
906,asia,MF,6e-06
906,asia,WMF,7e-06
906,asia,PE,6e-06
907,asia,MN,0.00025
907,asia,MW,6e-06
907,asia,MF,8e-06
907,asia,WMF,7e-06
907,asia,PE,6e-06
908,asia,MN,0.000248
908,asia,MW,8e-06
908,asia,MF,6e-06
908,asia,WMF,6e-06
908,asia,PE,7e-06
909,asia,MN,0.000255
909,asia,MW,7e-06
909,asia,MF,6e-06
909,asia,WMF,6e-06
909,asia,PE,7e-06
910,asia,MN,0.000251
910,asia,MW,7e-06
910,asia,MF,6e-06
910,asia,WMF,6e-06
910,asia,PE,7e-06
911,asia,MN,0.00025
911,asia,MW,8e-06
911,asia,MF,8e-06
911,asia,WMF,7e-06
911,asia,PE,6e-06
912,asia,MN,0.000247
912,asia,MW,7e-06
912,asia,MF,7e-06
912,asia,WMF,7e-06
912,asia,PE,7e-06
913,asia,MN,0.000251
913,asia,MW,7e-06
913,asia,MF,7e-06
913,asia,WMF,6e-06
913,asia,PE,7e-06
914,asia,MN,0.000247
914,asia,MW,8e-06
914,asia,MF,7e-06
914,asia,WMF,6e-06
914,asia,PE,6e-06
915,asia,MN,0.000251
915,asia,MW,8e-06
915,asia,MF,7e-06
915,asia,WMF,7e-06
915,asia,PE,8e-06
916,asia,MN,0.000249
916,asia,MW,8e-06
916,asia,MF,7e-06
916,asia,WMF,7e-06
916,asia,PE,6e-06
917,asia,MN,0.000248
917,asia,MW,8e-06
917,asia,MF,1e-05
917,asia,WMF,7e-06
917,asia,PE,6e-06
918,asia,MN,0.000255
918,asia,MW,8e-06
918,asia,MF,8e-06
918,asia,WMF,2.4e-05
918,asia,PE,8e-06
919,asia,MN,0.000331
919,asia,MW,1.2e-05
919,asia,MF,1e-05
919,asia,WMF,1.1e-05
919,asia,PE,7e-06
920,asia,MN,0.000357
920,asia,MW,1.2e-05
920,asia,MF,1.4e-05
920,asia,WMF,1.5e-05
920,asia,PE,1.5e-05
921,asia,MN,0.000371
921,asia,MW,7e-06
921,asia,MF,7e-06
921,asia,WMF,1.2e-05
921,asia,PE,1.9e-05
922,asia,MN,0.000304
922,asia,MW,1.1e-05
922,asia,MF,1e-05
922,asia,WMF,1.4e-05
922,asia,PE,9e-06
923,asia,MN,0.000449
923,asia,MW,1.2e-05
923,asia,MF,1.1e-05
923,asia,WMF,1.4e-05
923,asia,PE,1.4e-05
924,asia,MN,0.000275
924,asia,MW,1.2e-05
924,asia,MF,1.3e-05
924,asia,WMF,1.2e-05
924,asia,PE,8e-06
925,asia,MN,0.000329
925,asia,MW,1.2e-05
925,asia,MF,1e-05
925,asia,WMF,9e-06
925,asia,PE,8e-06
926,asia,MN,0.00029
926,asia,MW,1.3e-05
926,asia,MF,1.3e-05
926,asia,WMF,9e-06
926,asia,PE,9e-06
927,asia,MN,0.000285
927,asia,MW,1.3e-05
927,asia,MF,1.3e-05
927,asia,WMF,9e-06
927,asia,PE,1e-05
928,asia,MN,0.000291
928,asia,MW,1.3e-05
928,asia,MF,1.2e-05
928,asia,WMF,9e-06
928,asia,PE,9e-06
929,asia,MN,0.000284
929,asia,MW,1.3e-05
929,asia,MF,9e-06
929,asia,WMF,9e-06
929,asia,PE,9e-06
930,asia,MN,0.000286
930,asia,MW,1.2e-05
930,asia,MF,1.1e-05
930,asia,WMF,9e-06
930,asia,PE,9e-06
931,asia,MN,0.000285
931,asia,MW,1.3e-05
931,asia,MF,9e-06
931,asia,WMF,1e-05
931,asia,PE,1.2e-05
932,asia,MN,0.000347
932,asia,MW,9e-06
932,asia,MF,1.2e-05
932,asia,WMF,8e-06
932,asia,PE,9e-06
933,asia,MN,0.000307
933,asia,MW,1e-05
933,asia,MF,1.3e-05
933,asia,WMF,1e-05
933,asia,PE,1.3e-05
934,asia,MN,0.00032
934,asia,MW,1.3e-05
934,asia,MF,1e-05
934,asia,WMF,1.1e-05
934,asia,PE,1.3e-05
935,asia,MN,0.000317
935,asia,MW,1.2e-05
935,asia,MF,1.1e-05
935,asia,WMF,1.3e-05
935,asia,PE,9e-06
936,asia,MN,0.000342
936,asia,MW,1.4e-05
936,asia,MF,9e-06
936,asia,WMF,9e-06
936,asia,PE,8e-06
937,asia,MN,0.0003
937,asia,MW,1.4e-05
937,asia,MF,1e-05
937,asia,WMF,1.2e-05
937,asia,PE,9e-06
938,asia,MN,0.000286
938,asia,MW,1.2e-05
938,asia,MF,1.1e-05
938,asia,WMF,1e-05
938,asia,PE,1e-05
939,asia,MN,0.000271
939,asia,MW,8e-06
939,asia,MF,8e-06
939,asia,WMF,7e-06
939,asia,PE,7e-06
940,asia,MN,0.000269
940,asia,MW,7e-06
940,asia,MF,7e-06
940,asia,WMF,7e-06
940,asia,PE,6e-06
941,asia,MN,0.000257
941,asia,MW,7e-06
941,asia,MF,7e-06
941,asia,WMF,7e-06
941,asia,PE,6e-06
942,asia,MN,0.00025
942,asia,MW,8e-06
942,asia,MF,7e-06
942,asia,WMF,7e-06
942,asia,PE,7e-06
943,asia,MN,0.000252
943,asia,MW,7e-06
943,asia,MF,7e-06
943,asia,WMF,7e-06
943,asia,PE,6e-06
944,asia,MN,0.000336
944,asia,MW,1.2e-05
944,asia,MF,1.4e-05
944,asia,WMF,1.1e-05
944,asia,PE,9e-06
945,asia,MN,0.00031
945,asia,MW,9e-06
945,asia,MF,1.2e-05
945,asia,WMF,1.2e-05
945,asia,PE,1.1e-05
946,asia,MN,0.00033
946,asia,MW,1.4e-05
946,asia,MF,1.2e-05
946,asia,WMF,1.2e-05
946,asia,PE,2.2e-05
947,asia,MN,0.000389
947,asia,MW,1.1e-05
947,asia,MF,1e-05
947,asia,WMF,1.3e-05
947,asia,PE,1.2e-05
948,asia,MN,0.000278
948,asia,MW,7e-06
948,asia,MF,1.2e-05
948,asia,WMF,1.2e-05
948,asia,PE,1.2e-05
949,asia,MN,0.000347
949,asia,MW,8e-06
949,asia,MF,1.1e-05
949,asia,WMF,1.2e-05
949,asia,PE,1.3e-05
950,asia,MN,0.000411
950,asia,MW,1.3e-05
950,asia,MF,1.2e-05
950,asia,WMF,1.3e-05
950,asia,PE,1.3e-05
951,asia,MN,0.000307
951,asia,MW,1e-05
951,asia,MF,9e-06
951,asia,WMF,1.2e-05
951,asia,PE,1.3e-05
952,asia,MN,0.000425
952,asia,MW,1.3e-05
952,asia,MF,1.3e-05
952,asia,WMF,1.3e-05
952,asia,PE,1.3e-05
953,asia,MN,0.000409
953,asia,MW,1e-05
953,asia,MF,1.2e-05
953,asia,WMF,1.3e-05
953,asia,PE,8e-06
954,asia,MN,0.000256
954,asia,MW,7e-06
954,asia,MF,8e-06
954,asia,WMF,8e-06
954,asia,PE,8e-06
955,asia,MN,0.000284
955,asia,MW,8e-06
955,asia,MF,7e-06
955,asia,WMF,7e-06
955,asia,PE,7e-06
956,asia,MN,0.000323
956,asia,MW,7e-06
956,asia,MF,6e-06
956,asia,WMF,6e-06
956,asia,PE,7e-06
957,asia,MN,0.000253
957,asia,MW,8e-06
957,asia,MF,7e-06
957,asia,WMF,6e-06
957,asia,PE,7e-06
958,asia,MN,0.000257
958,asia,MW,8e-06
958,asia,MF,6e-06
958,asia,WMF,7e-06
958,asia,PE,6e-06
959,asia,MN,0.000248
959,asia,MW,6e-06
959,asia,MF,6e-06
959,asia,WMF,6e-06
959,asia,PE,7e-06
960,asia,MN,0.000253
960,asia,MW,6e-06
960,asia,MF,6e-06
960,asia,WMF,7e-06
960,asia,PE,7e-06
961,asia,MN,0.000247
961,asia,MW,8e-06
961,asia,MF,8e-06
961,asia,WMF,7e-06
961,asia,PE,7e-06
962,asia,MN,0.00025
962,asia,MW,8e-06
962,asia,MF,7e-06
962,asia,WMF,7e-06
962,asia,PE,6e-06
963,asia,MN,0.000246
963,asia,MW,8e-06
963,asia,MF,7e-06
963,asia,WMF,8e-06
963,asia,PE,6e-06
964,asia,MN,0.00025
964,asia,MW,8e-06
964,asia,MF,7e-06
964,asia,WMF,7e-06
964,asia,PE,6e-06
965,asia,MN,0.000248
965,asia,MW,8e-06
965,asia,MF,7e-06
965,asia,WMF,7e-06
965,asia,PE,6e-06
966,asia,MN,0.000252
966,asia,MW,1.2e-05
966,asia,MF,7e-06
966,asia,WMF,8e-06
966,asia,PE,6e-06
967,asia,MN,0.000291
967,asia,MW,7e-06
967,asia,MF,7e-06
967,asia,WMF,8e-06
967,asia,PE,6e-06
968,asia,MN,0.000245
968,asia,MW,8e-06
968,asia,MF,8e-06
968,asia,WMF,8e-06
968,asia,PE,7e-06
969,asia,MN,0.000247
969,asia,MW,7e-06
969,asia,MF,6e-06
969,asia,WMF,6e-06
969,asia,PE,7e-06
970,asia,MN,0.000244
970,asia,MW,7e-06
970,asia,MF,7e-06
970,asia,WMF,7e-06
970,asia,PE,6e-06
971,asia,MN,0.000246
971,asia,MW,1e-05
971,asia,MF,1.2e-05
971,asia,WMF,1.2e-05
971,asia,PE,1.1e-05
972,asia,MN,0.000326
972,asia,MW,1.3e-05
972,asia,MF,1e-05
972,asia,WMF,1.2e-05
972,asia,PE,8e-06
973,asia,MN,0.000314
973,asia,MW,1.1e-05
973,asia,MF,1.2e-05
973,asia,WMF,1.1e-05
973,asia,PE,1.3e-05
974,asia,MN,0.000339
974,asia,MW,1.3e-05
974,asia,MF,9e-06
974,asia,WMF,1.2e-05
974,asia,PE,1e-05
975,asia,MN,0.000294
975,asia,MW,1.2e-05
975,asia,MF,9e-06
975,asia,WMF,1e-05
975,asia,PE,1e-05
976,asia,MN,0.000293
976,asia,MW,1.3e-05
976,asia,MF,1e-05
976,asia,WMF,9e-06
976,asia,PE,8e-06
977,asia,MN,0.00035
977,asia,MW,1.2e-05
977,asia,MF,9e-06
977,asia,WMF,1.2e-05
977,asia,PE,1.2e-05
978,asia,MN,0.000317
978,asia,MW,1.2e-05
978,asia,MF,1.2e-05
978,asia,WMF,1e-05
978,asia,PE,1e-05
979,asia,MN,0.000288
979,asia,MW,1.3e-05
979,asia,MF,1e-05
979,asia,WMF,1.1e-05
979,asia,PE,8e-06
980,asia,MN,0.000287
980,asia,MW,7e-06
980,asia,MF,8e-06
980,asia,WMF,1e-05
980,asia,PE,1.5e-05
981,asia,MN,0.000311
981,asia,MW,1.3e-05
981,asia,MF,1.1e-05
981,asia,WMF,9e-06
981,asia,PE,9e-06
982,asia,MN,0.000286
982,asia,MW,1.3e-05
982,asia,MF,1.2e-05
982,asia,WMF,9e-06
982,asia,PE,8e-06
983,asia,MN,0.000325
983,asia,MW,9e-06
983,asia,MF,7e-06
983,asia,WMF,6e-06
983,asia,PE,1.3e-05
984,asia,MN,0.000324
984,asia,MW,1e-05
984,asia,MF,1.2e-05
984,asia,WMF,1.3e-05
984,asia,PE,1.8e-05
985,asia,MN,0.000317
985,asia,MW,1.1e-05
985,asia,MF,1.3e-05
985,asia,WMF,8e-06
985,asia,PE,8e-06
986,asia,MN,0.000262
986,asia,MW,7e-06
986,asia,MF,6e-06
986,asia,WMF,7e-06
986,asia,PE,6e-06
987,asia,MN,0.00025
987,asia,MW,8e-06
987,asia,MF,6e-06
987,asia,WMF,6e-06
987,asia,PE,7e-06
988,asia,MN,0.000252
988,asia,MW,6e-06
988,asia,MF,6e-06
988,asia,WMF,7e-06
988,asia,PE,6e-06
989,asia,MN,0.000248
989,asia,MW,8e-06
989,asia,MF,7e-06
989,asia,WMF,8e-06
989,asia,PE,7e-06
990,asia,MN,0.000249
990,asia,MW,7e-06
990,asia,MF,6e-06
990,asia,WMF,6e-06
990,asia,PE,6e-06
991,asia,MN,0.000251
991,asia,MW,7e-06
991,asia,MF,7e-06
991,asia,WMF,8e-06
991,asia,PE,8e-06
992,asia,MN,0.000253
992,asia,MW,8e-06
992,asia,MF,7e-06
992,asia,WMF,8e-06
992,asia,PE,6e-06
993,asia,MN,0.000247
993,asia,MW,8e-06
993,asia,MF,7e-06
993,asia,WMF,7e-06
993,asia,PE,6e-06
994,asia,MN,0.000252
994,asia,MW,7e-06
994,asia,MF,6e-06
994,asia,WMF,6e-06
994,asia,PE,8e-06
995,asia,MN,0.000283
995,asia,MW,8e-06
995,asia,MF,6e-06
995,asia,WMF,7e-06
995,asia,PE,6e-06
996,asia,MN,0.000253
996,asia,MW,8e-06
996,asia,MF,6e-06
996,asia,WMF,8e-06
996,asia,PE,7e-06
997,asia,MN,0.00026
997,asia,MW,6e-06
997,asia,MF,7e-06
997,asia,WMF,8e-06
997,asia,PE,6e-06
998,asia,MN,0.00025
998,asia,MW,8e-06
998,asia,MF,8e-06
998,asia,WMF,7e-06
998,asia,PE,8e-06
999,asia,MN,0.000255
999,asia,MW,7e-06
999,asia,MF,6e-06
999,asia,WMF,7e-06
999,asia,PE,6e-06
